FIPS,ERS,ABBR
1033,Southern Seaboard,ss
1057,Southern Seaboard,ss
1059,Southern Seaboard,ss
1075,Southern Seaboard,ss
1093,Southern Seaboard,ss
1077,Eastern Uplands,eu
1079,Eastern Uplands,eu
1083,Eastern Uplands,eu
1089,Eastern Uplands,eu
1095,Eastern Uplands,eu
1103,Eastern Uplands,eu
1007,Eastern Uplands,eu
1009,Eastern Uplands,eu
1021,Eastern Uplands,eu
1043,Eastern Uplands,eu
1073,Eastern Uplands,eu
1115,Eastern Uplands,eu
1117,Eastern Uplands,eu
1127,Eastern Uplands,eu
1133,Eastern Uplands,eu
1015,Eastern Uplands,eu
1019,Eastern Uplands,eu
1029,Eastern Uplands,eu
1049,Eastern Uplands,eu
1055,Eastern Uplands,eu
1071,Eastern Uplands,eu
1063,Southern Seaboard,ss
1065,Southern Seaboard,ss
1091,Southern Seaboard,ss
1107,Southern Seaboard,ss
1119,Southern Seaboard,ss
1125,Southern Seaboard,ss
1001,Southern Seaboard,ss
1047,Southern Seaboard,ss
1051,Southern Seaboard,ss
1085,Southern Seaboard,ss
1101,Southern Seaboard,ss
1105,Southern Seaboard,ss
1131,Southern Seaboard,ss
1017,Southern Seaboard,ss
1027,Southern Seaboard,ss
1037,Southern Seaboard,ss
1081,Southern Seaboard,ss
1087,Southern Seaboard,ss
1111,Southern Seaboard,ss
1113,Southern Seaboard,ss
1121,Southern Seaboard,ss
1123,Southern Seaboard,ss
1003,Southern Seaboard,ss
1023,Southern Seaboard,ss
1025,Southern Seaboard,ss
1097,Southern Seaboard,ss
1129,Southern Seaboard,ss
1013,Southern Seaboard,ss
1035,Southern Seaboard,ss
1039,Southern Seaboard,ss
1041,Southern Seaboard,ss
1053,Southern Seaboard,ss
1099,Southern Seaboard,ss
1005,Southern Seaboard,ss
1011,Southern Seaboard,ss
1031,Southern Seaboard,ss
1045,Southern Seaboard,ss
1061,Southern Seaboard,ss
1067,Southern Seaboard,ss
1069,Southern Seaboard,ss
1109,Southern Seaboard,ss
4001,Basin and Range,br
4005,Fruitful Rim,fr
4015,Basin and Range,br
4017,Fruitful Rim,fr
4025,Basin and Range,br
4013,Fruitful Rim,fr
4021,Fruitful Rim,fr
4012,Fruitful Rim,fr
4027,Fruitful Rim,fr
4003,Fruitful Rim,fr
4007,Fruitful Rim,fr
4009,Fruitful Rim,fr
4011,Basin and Range,br
4019,Fruitful Rim,fr
4023,Fruitful Rim,fr
5007,Eastern Uplands,eu
5009,Eastern Uplands,eu
5015,Eastern Uplands,eu
5087,Eastern Uplands,eu
5101,Eastern Uplands,eu
5143,Eastern Uplands,eu
5005,Eastern Uplands,eu
5023,Eastern Uplands,eu
5049,Eastern Uplands,eu
5065,Eastern Uplands,eu
5089,Eastern Uplands,eu
5129,Eastern Uplands,eu
5135,Eastern Uplands,eu
5137,Eastern Uplands,eu
5141,Eastern Uplands,eu
5021,Mississippi Portal,mp
5031,Mississippi Portal,mp
5055,Mississippi Portal,mp
5063,Mississippi Portal,mp
5067,Mississippi Portal,mp
5075,Mississippi Portal,mp
5093,Mississippi Portal,mp
5111,Mississippi Portal,mp
5121,Mississippi Portal,mp
5145,Mississippi Portal,mp
5033,Eastern Uplands,eu
5047,Eastern Uplands,eu
5071,Eastern Uplands,eu
5083,Eastern Uplands,eu
5113,Eastern Uplands,eu
5115,Eastern Uplands,eu
5127,Eastern Uplands,eu
5131,Eastern Uplands,eu
5149,Eastern Uplands,eu
5029,Eastern Uplands,eu
5045,Eastern Uplands,eu
5051,Eastern Uplands,eu
5053,Eastern Uplands,eu
5059,Eastern Uplands,eu
5105,Eastern Uplands,eu
5119,Eastern Uplands,eu
5125,Eastern Uplands,eu
5001,Mississippi Portal,mp
5035,Mississippi Portal,mp
5037,Mississippi Portal,mp
5077,Mississippi Portal,mp
5085,Mississippi Portal,mp
5095,Mississippi Portal,mp
5107,Mississippi Portal,mp
5117,Mississippi Portal,mp
5123,Mississippi Portal,mp
5147,Mississippi Portal,mp
5057,Eastern Uplands,eu
5061,Eastern Uplands,eu
5073,Eastern Uplands,eu
5081,Eastern Uplands,eu
5091,Eastern Uplands,eu
5097,Eastern Uplands,eu
5109,Eastern Uplands,eu
5133,Eastern Uplands,eu
5011,Southern Seaboard,ss
5013,Southern Seaboard,ss
5019,Southern Seaboard,ss
5025,Southern Seaboard,ss
5027,Southern Seaboard,ss
5039,Southern Seaboard,ss
5099,Southern Seaboard,ss
5103,Southern Seaboard,ss
5139,Southern Seaboard,ss
5003,Mississippi Portal,mp
5017,Mississippi Portal,mp
5041,Mississippi Portal,mp
5043,Mississippi Portal,mp
5069,Mississippi Portal,mp
5079,Mississippi Portal,mp
6003,Basin and Range,br
6005,Basin and Range,br
6009,Basin and Range,br
6015,Basin and Range,br
6017,Basin and Range,br
6023,Basin and Range,br
6027,Basin and Range,br
6035,Basin and Range,br
6043,Basin and Range,br
6045,Basin and Range,br
6049,Basin and Range,br
6051,Basin and Range,br
6057,Basin and Range,br
6061,Basin and Range,br
6063,Basin and Range,br
6089,Basin and Range,br
6091,Basin and Range,br
6093,Basin and Range,br
6105,Basin and Range,br
6109,Basin and Range,br
6001,Fruitful Rim,fr
6013,Fruitful Rim,fr
6033,Fruitful Rim,fr
6041,Fruitful Rim,fr
6053,Fruitful Rim,fr
6055,Fruitful Rim,fr
6069,Fruitful Rim,fr
6075,Fruitful Rim,fr
6079,Fruitful Rim,fr
6081,Fruitful Rim,fr
6085,Fruitful Rim,fr
6087,Fruitful Rim,fr
6097,Fruitful Rim,fr
6007,Fruitful Rim,fr
6011,Fruitful Rim,fr
6021,Fruitful Rim,fr
6067,Fruitful Rim,fr
6095,Fruitful Rim,fr
6101,Fruitful Rim,fr
6103,Fruitful Rim,fr
6113,Fruitful Rim,fr
6115,Fruitful Rim,fr
6019,Fruitful Rim,fr
6029,Fruitful Rim,fr
6031,Fruitful Rim,fr
6039,Fruitful Rim,fr
6047,Fruitful Rim,fr
6077,Fruitful Rim,fr
6099,Fruitful Rim,fr
6107,Fruitful Rim,fr
6025,Fruitful Rim,fr
6037,Fruitful Rim,fr
6059,Fruitful Rim,fr
6065,Fruitful Rim,fr
6071,Fruitful Rim,fr
6073,Fruitful Rim,fr
6083,Fruitful Rim,fr
6111,Fruitful Rim,fr
8015,Basin and Range,br
8019,Basin and Range,br
8037,Basin and Range,br
8047,Basin and Range,br
8049,Basin and Range,br
8051,Basin and Range,br
8057,Basin and Range,br
8065,Basin and Range,br
8081,Basin and Range,br
8093,Basin and Range,br
8097,Basin and Range,br
8103,Basin and Range,br
8107,Basin and Range,br
8117,Basin and Range,br
8119,Basin and Range,br
8013,Northern Great Plains,np
8059,Northern Great Plains,np
8069,Northern Great Plains,np
8075,Northern Great Plains,np
8087,Northern Great Plains,np
8115,Northern Great Plains,np
8123,Northern Great Plains,np
8001,Prairie Gateway,pg
8005,Prairie Gateway,pg
8017,Prairie Gateway,pg
8031,Prairie Gateway,pg
8035,Prairie Gateway,pg
8039,Prairie Gateway,pg
8041,Prairie Gateway,pg
8061,Prairie Gateway,pg
8063,Prairie Gateway,pg
8073,Prairie Gateway,pg
8095,Prairie Gateway,pg
8121,Prairie Gateway,pg
8125,Prairie Gateway,pg
8007,Basin and Range,br
8029,Basin and Range,br
8033,Basin and Range,br
8045,Basin and Range,br
8053,Basin and Range,br
8067,Basin and Range,br
8077,Basin and Range,br
8083,Basin and Range,br
8085,Basin and Range,br
8091,Basin and Range,br
8111,Basin and Range,br
8113,Basin and Range,br
8003,Basin and Range,br
8021,Basin and Range,br
8023,Basin and Range,br
8079,Basin and Range,br
8105,Basin and Range,br
8109,Basin and Range,br
8009,Prairie Gateway,pg
8011,Prairie Gateway,pg
8025,Prairie Gateway,pg
8027,Prairie Gateway,pg
8043,Prairie Gateway,pg
8055,Prairie Gateway,pg
8071,Prairie Gateway,pg
8089,Prairie Gateway,pg
8099,Prairie Gateway,pg
8101,Prairie Gateway,pg
9001,Northern Crescent,nc
9003,Northern Crescent,nc
9005,Northern Crescent,nc
9007,Northern Crescent,nc
9009,Northern Crescent,nc
9011,Northern Crescent,nc
9013,Northern Crescent,nc
9015,Northern Crescent,nc
10003,Southern Seaboard,ss
10001,Southern Seaboard,ss
10005,Southern Seaboard,ss
12005,Fruitful Rim,fr
12013,Fruitful Rim,fr
12033,Fruitful Rim,fr
12037,Fruitful Rim,fr
12039,Fruitful Rim,fr
12045,Fruitful Rim,fr
12059,Fruitful Rim,fr
12063,Fruitful Rim,fr
12065,Fruitful Rim,fr
12073,Fruitful Rim,fr
12077,Fruitful Rim,fr
12091,Fruitful Rim,fr
12113,Fruitful Rim,fr
12129,Fruitful Rim,fr
12131,Fruitful Rim,fr
12133,Fruitful Rim,fr
12003,Fruitful Rim,fr
12023,Fruitful Rim,fr
12029,Fruitful Rim,fr
12031,Fruitful Rim,fr
12047,Fruitful Rim,fr
12067,Fruitful Rim,fr
12079,Fruitful Rim,fr
12089,Fruitful Rim,fr
12121,Fruitful Rim,fr
12123,Fruitful Rim,fr
12001,Fruitful Rim,fr
12007,Fruitful Rim,fr
12017,Fruitful Rim,fr
12019,Fruitful Rim,fr
12035,Fruitful Rim,fr
12041,Fruitful Rim,fr
12053,Fruitful Rim,fr
12057,Fruitful Rim,fr
12069,Fruitful Rim,fr
12075,Fruitful Rim,fr
12083,Fruitful Rim,fr
12095,Fruitful Rim,fr
12097,Fruitful Rim,fr
12101,Fruitful Rim,fr
12103,Fruitful Rim,fr
12105,Fruitful Rim,fr
12107,Fruitful Rim,fr
12109,Fruitful Rim,fr
12117,Fruitful Rim,fr
12119,Fruitful Rim,fr
12125,Fruitful Rim,fr
12127,Fruitful Rim,fr
12009,Fruitful Rim,fr
12011,Fruitful Rim,fr
12015,Fruitful Rim,fr
12021,Fruitful Rim,fr
12025,Fruitful Rim,fr
12027,Fruitful Rim,fr
12043,Fruitful Rim,fr
12049,Fruitful Rim,fr
12051,Fruitful Rim,fr
12055,Fruitful Rim,fr
12061,Fruitful Rim,fr
12071,Fruitful Rim,fr
12081,Fruitful Rim,fr
12085,Fruitful Rim,fr
12087,Fruitful Rim,fr
12093,Fruitful Rim,fr
12099,Fruitful Rim,fr
12111,Fruitful Rim,fr
12115,Fruitful Rim,fr
12086,Fruitful Rim,fr
13015,Eastern Uplands,eu
13047,Eastern Uplands,eu
13055,Eastern Uplands,eu
13083,Eastern Uplands,eu
13115,Eastern Uplands,eu
13129,Eastern Uplands,eu
13213,Eastern Uplands,eu
13223,Eastern Uplands,eu
13233,Eastern Uplands,eu
13295,Eastern Uplands,eu
13313,Eastern Uplands,eu
13013,Southern Seaboard,ss
13057,Southern Seaboard,ss
13059,Southern Seaboard,ss
13067,Southern Seaboard,ss
13085,Southern Seaboard,ss
13089,Southern Seaboard,ss
13111,Southern Seaboard,ss
13117,Southern Seaboard,ss
13121,Southern Seaboard,ss
13123,Southern Seaboard,ss
13135,Southern Seaboard,ss
13139,Southern Seaboard,ss
13157,Southern Seaboard,ss
13187,Southern Seaboard,ss
13219,Southern Seaboard,ss
13227,Southern Seaboard,ss
13281,Southern Seaboard,ss
13291,Southern Seaboard,ss
13297,Southern Seaboard,ss
13311,Southern Seaboard,ss
13011,Southern Seaboard,ss
13105,Southern Seaboard,ss
13119,Southern Seaboard,ss
13137,Southern Seaboard,ss
13147,Southern Seaboard,ss
13181,Southern Seaboard,ss
13195,Southern Seaboard,ss
13221,Southern Seaboard,ss
13241,Southern Seaboard,ss
13257,Southern Seaboard,ss
13317,Southern Seaboard,ss
13045,Southern Seaboard,ss
13053,Southern Seaboard,ss
13063,Southern Seaboard,ss
13077,Southern Seaboard,ss
13097,Southern Seaboard,ss
13113,Southern Seaboard,ss
13143,Southern Seaboard,ss
13145,Southern Seaboard,ss
13149,Southern Seaboard,ss
13151,Southern Seaboard,ss
13171,Southern Seaboard,ss
13193,Southern Seaboard,ss
13197,Southern Seaboard,ss
13199,Southern Seaboard,ss
13215,Southern Seaboard,ss
13231,Southern Seaboard,ss
13249,Southern Seaboard,ss
13255,Southern Seaboard,ss
13263,Southern Seaboard,ss
13269,Southern Seaboard,ss
13285,Southern Seaboard,ss
13293,Southern Seaboard,ss
13009,Southern Seaboard,ss
13021,Southern Seaboard,ss
13023,Southern Seaboard,ss
13035,Southern Seaboard,ss
13079,Southern Seaboard,ss
13091,Southern Seaboard,ss
13133,Southern Seaboard,ss
13141,Southern Seaboard,ss
13153,Southern Seaboard,ss
13159,Southern Seaboard,ss
13167,Southern Seaboard,ss
13169,Southern Seaboard,ss
13175,Southern Seaboard,ss
13207,Southern Seaboard,ss
13209,Southern Seaboard,ss
13211,Southern Seaboard,ss
13217,Southern Seaboard,ss
13225,Southern Seaboard,ss
13235,Southern Seaboard,ss
13237,Southern Seaboard,ss
13247,Southern Seaboard,ss
13265,Southern Seaboard,ss
13283,Southern Seaboard,ss
13289,Southern Seaboard,ss
13303,Southern Seaboard,ss
13309,Southern Seaboard,ss
13319,Southern Seaboard,ss
13031,Southern Seaboard,ss
13033,Southern Seaboard,ss
13043,Southern Seaboard,ss
13073,Southern Seaboard,ss
13103,Southern Seaboard,ss
13107,Southern Seaboard,ss
13125,Southern Seaboard,ss
13163,Southern Seaboard,ss
13165,Southern Seaboard,ss
13189,Southern Seaboard,ss
13245,Southern Seaboard,ss
13251,Southern Seaboard,ss
13301,Southern Seaboard,ss
13007,Southern Seaboard,ss
13037,Southern Seaboard,ss
13061,Southern Seaboard,ss
13087,Southern Seaboard,ss
13095,Southern Seaboard,ss
13099,Southern Seaboard,ss
13131,Southern Seaboard,ss
13177,Southern Seaboard,ss
13201,Southern Seaboard,ss
13205,Southern Seaboard,ss
13239,Southern Seaboard,ss
13243,Southern Seaboard,ss
13253,Southern Seaboard,ss
13259,Southern Seaboard,ss
13261,Southern Seaboard,ss
13273,Southern Seaboard,ss
13275,Southern Seaboard,ss
13307,Southern Seaboard,ss
13003,Southern Seaboard,ss
13017,Southern Seaboard,ss
13019,Southern Seaboard,ss
13027,Southern Seaboard,ss
13065,Southern Seaboard,ss
13069,Southern Seaboard,ss
13071,Southern Seaboard,ss
13075,Southern Seaboard,ss
13081,Southern Seaboard,ss
13093,Southern Seaboard,ss
13101,Southern Seaboard,ss
13155,Southern Seaboard,ss
13161,Southern Seaboard,ss
13173,Southern Seaboard,ss
13185,Southern Seaboard,ss
13271,Southern Seaboard,ss
13277,Southern Seaboard,ss
13287,Southern Seaboard,ss
13315,Southern Seaboard,ss
13321,Southern Seaboard,ss
13001,Fruitful Rim,fr
13005,Fruitful Rim,fr
13025,Fruitful Rim,fr
13029,Fruitful Rim,fr
13039,Fruitful Rim,fr
13049,Fruitful Rim,fr
13051,Fruitful Rim,fr
13109,Fruitful Rim,fr
13127,Fruitful Rim,fr
13179,Fruitful Rim,fr
13183,Fruitful Rim,fr
13191,Fruitful Rim,fr
13229,Fruitful Rim,fr
13267,Fruitful Rim,fr
13279,Fruitful Rim,fr
13299,Fruitful Rim,fr
13305,Fruitful Rim,fr
16009,Basin and Range,br
16017,Basin and Range,br
16021,Basin and Range,br
16035,Basin and Range,br
16049,Basin and Range,br
16055,Basin and Range,br
16057,Basin and Range,br
16061,Basin and Range,br
16069,Basin and Range,br
16079,Basin and Range,br
16001,Fruitful Rim,fr
16003,Fruitful Rim,fr
16015,Fruitful Rim,fr
16027,Fruitful Rim,fr
16039,Fruitful Rim,fr
16045,Fruitful Rim,fr
16073,Fruitful Rim,fr
16075,Fruitful Rim,fr
16085,Fruitful Rim,fr
16087,Fruitful Rim,fr
16013,Fruitful Rim,fr
16025,Fruitful Rim,fr
16031,Fruitful Rim,fr
16047,Fruitful Rim,fr
16053,Fruitful Rim,fr
16063,Fruitful Rim,fr
16067,Fruitful Rim,fr
16083,Fruitful Rim,fr
16005,Fruitful Rim,fr
16007,Fruitful Rim,fr
16011,Fruitful Rim,fr
16019,Fruitful Rim,fr
16023,Fruitful Rim,fr
16029,Fruitful Rim,fr
16033,Fruitful Rim,fr
16037,Fruitful Rim,fr
16041,Fruitful Rim,fr
16043,Fruitful Rim,fr
16051,Fruitful Rim,fr
16059,Fruitful Rim,fr
16065,Fruitful Rim,fr
16071,Fruitful Rim,fr
16077,Fruitful Rim,fr
16081,Fruitful Rim,fr
17011,Heartland,hl
17015,Heartland,hl
17073,Heartland,hl
17085,Heartland,hl
17103,Heartland,hl
17131,Heartland,hl
17141,Heartland,hl
17155,Heartland,hl
17161,Heartland,hl
17177,Heartland,hl
17195,Heartland,hl
17201,Heartland,hl
17007,Heartland,hl
17031,Heartland,hl
17037,Heartland,hl
17043,Heartland,hl
17063,Heartland,hl
17089,Heartland,hl
17093,Heartland,hl
17097,Heartland,hl
17099,Heartland,hl
17111,Heartland,hl
17197,Heartland,hl
17001,Heartland,hl
17009,Heartland,hl
17057,Heartland,hl
17067,Heartland,hl
17071,Heartland,hl
17095,Heartland,hl
17109,Heartland,hl
17169,Heartland,hl
17187,Heartland,hl
17039,Heartland,hl
17107,Heartland,hl
17113,Heartland,hl
17115,Heartland,hl
17123,Heartland,hl
17125,Heartland,hl
17129,Heartland,hl
17143,Heartland,hl
17175,Heartland,hl
17179,Heartland,hl
17203,Heartland,hl
17019,Heartland,hl
17053,Heartland,hl
17075,Heartland,hl
17091,Heartland,hl
17105,Heartland,hl
17147,Heartland,hl
17183,Heartland,hl
17005,Heartland,hl
17013,Heartland,hl
17017,Heartland,hl
17021,Heartland,hl
17061,Heartland,hl
17083,Heartland,hl
17117,Heartland,hl
17119,Heartland,hl
17135,Heartland,hl
17137,Heartland,hl
17149,Heartland,hl
17167,Heartland,hl
17171,Heartland,hl
17023,Heartland,hl
17025,Heartland,hl
17029,Heartland,hl
17033,Heartland,hl
17035,Heartland,hl
17041,Heartland,hl
17045,Heartland,hl
17049,Heartland,hl
17051,Heartland,hl
17079,Heartland,hl
17101,Heartland,hl
17121,Heartland,hl
17139,Heartland,hl
17159,Heartland,hl
17173,Heartland,hl
17003,Heartland,hl
17027,Heartland,hl
17077,Heartland,hl
17087,Heartland,hl
17133,Heartland,hl
17145,Heartland,hl
17153,Heartland,hl
17157,Heartland,hl
17163,Heartland,hl
17181,Heartland,hl
17189,Heartland,hl
17199,Heartland,hl
17047,Heartland,hl
17055,Heartland,hl
17059,Heartland,hl
17065,Heartland,hl
17069,Heartland,hl
17081,Heartland,hl
17127,Heartland,hl
17151,Heartland,hl
17165,Heartland,hl
17185,Heartland,hl
17191,Heartland,hl
17193,Heartland,hl
18007,Heartland,hl
18073,Heartland,hl
18089,Heartland,hl
18091,Heartland,hl
18111,Heartland,hl
18127,Heartland,hl
18131,Heartland,hl
18149,Heartland,hl
18181,Heartland,hl
18015,Heartland,hl
18017,Heartland,hl
18039,Heartland,hl
18049,Heartland,hl
18085,Heartland,hl
18099,Heartland,hl
18103,Heartland,hl
18141,Heartland,hl
18169,Heartland,hl
18001,Heartland,hl
18003,Heartland,hl
18033,Heartland,hl
18069,Heartland,hl
18087,Heartland,hl
18113,Heartland,hl
18151,Heartland,hl
18179,Heartland,hl
18183,Heartland,hl
18021,Heartland,hl
18045,Heartland,hl
18107,Heartland,hl
18119,Heartland,hl
18121,Heartland,hl
18133,Heartland,hl
18157,Heartland,hl
18165,Heartland,hl
18167,Heartland,hl
18171,Heartland,hl
18005,Heartland,hl
18011,Heartland,hl
18023,Heartland,hl
18031,Heartland,hl
18053,Heartland,hl
18057,Heartland,hl
18059,Heartland,hl
18063,Heartland,hl
18067,Heartland,hl
18081,Heartland,hl
18095,Heartland,hl
18097,Heartland,hl
18109,Heartland,hl
18139,Heartland,hl
18145,Heartland,hl
18159,Heartland,hl
18009,Heartland,hl
18035,Heartland,hl
18041,Heartland,hl
18065,Heartland,hl
18075,Heartland,hl
18135,Heartland,hl
18161,Heartland,hl
18177,Heartland,hl
18027,Heartland,hl
18037,Heartland,hl
18051,Heartland,hl
18055,Heartland,hl
18083,Heartland,hl
18101,Heartland,hl
18125,Heartland,hl
18129,Heartland,hl
18147,Heartland,hl
18153,Heartland,hl
18163,Heartland,hl
18173,Heartland,hl
18013,Heartland,hl
18025,Heartland,hl
18043,Heartland,hl
18061,Heartland,hl
18071,Heartland,hl
18093,Heartland,hl
18105,Heartland,hl
18117,Heartland,hl
18123,Heartland,hl
18175,Heartland,hl
18019,Heartland,hl
18029,Heartland,hl
18047,Heartland,hl
18077,Heartland,hl
18079,Heartland,hl
18115,Heartland,hl
18137,Heartland,hl
18143,Heartland,hl
18155,Heartland,hl
19021,Heartland,hl
19035,Heartland,hl
19041,Heartland,hl
19059,Heartland,hl
19063,Heartland,hl
19119,Heartland,hl
19141,Heartland,hl
19143,Heartland,hl
19147,Heartland,hl
19149,Heartland,hl
19151,Heartland,hl
19167,Heartland,hl
19023,Heartland,hl
19033,Heartland,hl
19067,Heartland,hl
19069,Heartland,hl
19081,Heartland,hl
19091,Heartland,hl
19109,Heartland,hl
19131,Heartland,hl
19189,Heartland,hl
19195,Heartland,hl
19197,Heartland,hl
19005,Heartland,hl
19013,Heartland,hl
19017,Heartland,hl
19019,Heartland,hl
19037,Heartland,hl
19043,Heartland,hl
19055,Heartland,hl
19061,Heartland,hl
19065,Heartland,hl
19089,Heartland,hl
19191,Heartland,hl
19009,Heartland,hl
19025,Heartland,hl
19027,Heartland,hl
19047,Heartland,hl
19073,Heartland,hl
19077,Heartland,hl
19085,Heartland,hl
19093,Heartland,hl
19133,Heartland,hl
19161,Heartland,hl
19165,Heartland,hl
19193,Heartland,hl
19015,Heartland,hl
19049,Heartland,hl
19075,Heartland,hl
19079,Heartland,hl
19083,Heartland,hl
19099,Heartland,hl
19127,Heartland,hl
19153,Heartland,hl
19157,Heartland,hl
19169,Heartland,hl
19171,Heartland,hl
19187,Heartland,hl
19011,Heartland,hl
19031,Heartland,hl
19045,Heartland,hl
19095,Heartland,hl
19097,Heartland,hl
19103,Heartland,hl
19105,Heartland,hl
19113,Heartland,hl
19139,Heartland,hl
19163,Heartland,hl
19001,Heartland,hl
19003,Heartland,hl
19029,Heartland,hl
19071,Heartland,hl
19129,Heartland,hl
19137,Heartland,hl
19145,Heartland,hl
19155,Heartland,hl
19173,Heartland,hl
19007,Heartland,hl
19039,Heartland,hl
19053,Heartland,hl
19117,Heartland,hl
19121,Heartland,hl
19125,Heartland,hl
19135,Heartland,hl
19159,Heartland,hl
19175,Heartland,hl
19181,Heartland,hl
19185,Heartland,hl
19051,Heartland,hl
19057,Heartland,hl
19087,Heartland,hl
19101,Heartland,hl
19107,Heartland,hl
19111,Heartland,hl
19115,Heartland,hl
19123,Heartland,hl
19177,Heartland,hl
19179,Heartland,hl
19183,Heartland,hl
20023,Prairie Gateway,pg
20039,Prairie Gateway,pg
20065,Prairie Gateway,pg
20137,Prairie Gateway,pg
20153,Prairie Gateway,pg
20179,Prairie Gateway,pg
20181,Prairie Gateway,pg
20193,Prairie Gateway,pg
20063,Prairie Gateway,pg
20071,Prairie Gateway,pg
20101,Prairie Gateway,pg
20109,Prairie Gateway,pg
20135,Prairie Gateway,pg
20171,Prairie Gateway,pg
20195,Prairie Gateway,pg
20199,Prairie Gateway,pg
20203,Prairie Gateway,pg
20025,Prairie Gateway,pg
20055,Prairie Gateway,pg
20057,Prairie Gateway,pg
20067,Prairie Gateway,pg
20069,Prairie Gateway,pg
20075,Prairie Gateway,pg
20081,Prairie Gateway,pg
20083,Prairie Gateway,pg
20093,Prairie Gateway,pg
20119,Prairie Gateway,pg
20129,Prairie Gateway,pg
20175,Prairie Gateway,pg
20187,Prairie Gateway,pg
20189,Prairie Gateway,pg
20027,Prairie Gateway,pg
20029,Prairie Gateway,pg
20089,Prairie Gateway,pg
20123,Prairie Gateway,pg
20141,Prairie Gateway,pg
20143,Prairie Gateway,pg
20147,Prairie Gateway,pg
20157,Prairie Gateway,pg
20163,Prairie Gateway,pg
20183,Prairie Gateway,pg
20201,Prairie Gateway,pg
20009,Prairie Gateway,pg
20041,Prairie Gateway,pg
20051,Prairie Gateway,pg
20053,Prairie Gateway,pg
20105,Prairie Gateway,pg
20113,Prairie Gateway,pg
20115,Prairie Gateway,pg
20159,Prairie Gateway,pg
20165,Prairie Gateway,pg
20167,Prairie Gateway,pg
20169,Prairie Gateway,pg
20007,Prairie Gateway,pg
20033,Prairie Gateway,pg
20047,Prairie Gateway,pg
20077,Prairie Gateway,pg
20079,Prairie Gateway,pg
20095,Prairie Gateway,pg
20097,Prairie Gateway,pg
20145,Prairie Gateway,pg
20151,Prairie Gateway,pg
20155,Prairie Gateway,pg
20173,Prairie Gateway,pg
20185,Prairie Gateway,pg
20191,Prairie Gateway,pg
20005,Prairie Gateway,pg
20013,Prairie Gateway,pg
20043,Prairie Gateway,pg
20085,Prairie Gateway,pg
20087,Prairie Gateway,pg
20103,Prairie Gateway,pg
20117,Prairie Gateway,pg
20131,Prairie Gateway,pg
20149,Prairie Gateway,pg
20161,Prairie Gateway,pg
20209,Prairie Gateway,pg
20003,Prairie Gateway,pg
20017,Prairie Gateway,pg
20031,Prairie Gateway,pg
20045,Prairie Gateway,pg
20059,Prairie Gateway,pg
20061,Prairie Gateway,pg
20091,Prairie Gateway,pg
20107,Prairie Gateway,pg
20111,Prairie Gateway,pg
20121,Prairie Gateway,pg
20127,Prairie Gateway,pg
20139,Prairie Gateway,pg
20177,Prairie Gateway,pg
20197,Prairie Gateway,pg
20001,Prairie Gateway,pg
20011,Prairie Gateway,pg
20015,Prairie Gateway,pg
20019,Prairie Gateway,pg
20021,Prairie Gateway,pg
20035,Prairie Gateway,pg
20037,Prairie Gateway,pg
20049,Prairie Gateway,pg
20073,Prairie Gateway,pg
20099,Prairie Gateway,pg
20125,Prairie Gateway,pg
20133,Prairie Gateway,pg
20205,Prairie Gateway,pg
20207,Prairie Gateway,pg
21007,Heartland,hl
21035,Heartland,hl
21039,Heartland,hl
21075,Heartland,hl
21083,Heartland,hl
21105,Heartland,hl
21139,Heartland,hl
21143,Heartland,hl
21145,Heartland,hl
21157,Heartland,hl
21221,Heartland,hl
21033,Heartland,hl
21047,Heartland,hl
21055,Heartland,hl
21059,Heartland,hl
21091,Heartland,hl
21101,Heartland,hl
21107,Heartland,hl
21141,Heartland,hl
21149,Heartland,hl
21177,Heartland,hl
21183,Heartland,hl
21213,Heartland,hl
21219,Heartland,hl
21225,Heartland,hl
21233,Heartland,hl
21001,Eastern Uplands,eu
21003,Eastern Uplands,eu
21009,Eastern Uplands,eu
21027,Eastern Uplands,eu
21029,Eastern Uplands,eu
21031,Eastern Uplands,eu
21045,Eastern Uplands,eu
21053,Eastern Uplands,eu
21057,Eastern Uplands,eu
21061,Eastern Uplands,eu
21085,Eastern Uplands,eu
21087,Eastern Uplands,eu
21093,Eastern Uplands,eu
21099,Eastern Uplands,eu
21111,Eastern Uplands,eu
21123,Eastern Uplands,eu
21155,Eastern Uplands,eu
21163,Eastern Uplands,eu
21169,Eastern Uplands,eu
21171,Eastern Uplands,eu
21179,Eastern Uplands,eu
21207,Eastern Uplands,eu
21217,Eastern Uplands,eu
21227,Eastern Uplands,eu
21015,Eastern Uplands,eu
21023,Eastern Uplands,eu
21037,Eastern Uplands,eu
21041,Eastern Uplands,eu
21077,Eastern Uplands,eu
21081,Eastern Uplands,eu
21103,Eastern Uplands,eu
21117,Eastern Uplands,eu
21185,Eastern Uplands,eu
21187,Eastern Uplands,eu
21191,Eastern Uplands,eu
21223,Eastern Uplands,eu
21005,Eastern Uplands,eu
21011,Eastern Uplands,eu
21017,Eastern Uplands,eu
21021,Eastern Uplands,eu
21049,Eastern Uplands,eu
21067,Eastern Uplands,eu
21069,Eastern Uplands,eu
21073,Eastern Uplands,eu
21079,Eastern Uplands,eu
21097,Eastern Uplands,eu
21113,Eastern Uplands,eu
21137,Eastern Uplands,eu
21151,Eastern Uplands,eu
21161,Eastern Uplands,eu
21167,Eastern Uplands,eu
21173,Eastern Uplands,eu
21181,Eastern Uplands,eu
21201,Eastern Uplands,eu
21209,Eastern Uplands,eu
21211,Eastern Uplands,eu
21215,Eastern Uplands,eu
21229,Eastern Uplands,eu
21239,Eastern Uplands,eu
21013,Eastern Uplands,eu
21019,Eastern Uplands,eu
21025,Eastern Uplands,eu
21043,Eastern Uplands,eu
21051,Eastern Uplands,eu
21063,Eastern Uplands,eu
21065,Eastern Uplands,eu
21071,Eastern Uplands,eu
21089,Eastern Uplands,eu
21095,Eastern Uplands,eu
21109,Eastern Uplands,eu
21115,Eastern Uplands,eu
21119,Eastern Uplands,eu
21121,Eastern Uplands,eu
21125,Eastern Uplands,eu
21127,Eastern Uplands,eu
21129,Eastern Uplands,eu
21131,Eastern Uplands,eu
21133,Eastern Uplands,eu
21135,Eastern Uplands,eu
21147,Eastern Uplands,eu
21153,Eastern Uplands,eu
21159,Eastern Uplands,eu
21165,Eastern Uplands,eu
21175,Eastern Uplands,eu
21189,Eastern Uplands,eu
21193,Eastern Uplands,eu
21195,Eastern Uplands,eu
21197,Eastern Uplands,eu
21199,Eastern Uplands,eu
21203,Eastern Uplands,eu
21205,Eastern Uplands,eu
21231,Eastern Uplands,eu
21235,Eastern Uplands,eu
21237,Eastern Uplands,eu
22015,Southern Seaboard,ss
22017,Southern Seaboard,ss
22031,Southern Seaboard,ss
22081,Southern Seaboard,ss
22119,Southern Seaboard,ss
22013,Southern Seaboard,ss
22021,Southern Seaboard,ss
22027,Southern Seaboard,ss
22049,Southern Seaboard,ss
22061,Southern Seaboard,ss
22073,Southern Seaboard,ss
22111,Southern Seaboard,ss
22127,Southern Seaboard,ss
22035,Mississippi Portal,mp
22041,Mississippi Portal,mp
22065,Mississippi Portal,mp
22067,Mississippi Portal,mp
22083,Mississippi Portal,mp
22107,Mississippi Portal,mp
22123,Mississippi Portal,mp
22069,Southern Seaboard,ss
22085,Southern Seaboard,ss
22115,Southern Seaboard,ss
22009,Mississippi Portal,mp
22025,Mississippi Portal,mp
22029,Mississippi Portal,mp
22039,Mississippi Portal,mp
22043,Mississippi Portal,mp
22059,Mississippi Portal,mp
22077,Mississippi Portal,mp
22079,Mississippi Portal,mp
22097,Mississippi Portal,mp
22121,Mississippi Portal,mp
22033,Mississippi Portal,mp
22037,Mississippi Portal,mp
22063,Mississippi Portal,mp
22091,Mississippi Portal,mp
22103,Mississippi Portal,mp
22105,Mississippi Portal,mp
22117,Mississippi Portal,mp
22125,Mississippi Portal,mp
22001,Mississippi Portal,mp
22003,Mississippi Portal,mp
22011,Mississippi Portal,mp
22019,Mississippi Portal,mp
22023,Mississippi Portal,mp
22053,Mississippi Portal,mp
22113,Mississippi Portal,mp
22007,Mississippi Portal,mp
22045,Mississippi Portal,mp
22047,Mississippi Portal,mp
22055,Mississippi Portal,mp
22099,Mississippi Portal,mp
22101,Mississippi Portal,mp
22005,Mississippi Portal,mp
22051,Mississippi Portal,mp
22057,Mississippi Portal,mp
22071,Mississippi Portal,mp
22075,Mississippi Portal,mp
22087,Mississippi Portal,mp
22089,Mississippi Portal,mp
22093,Mississippi Portal,mp
22095,Mississippi Portal,mp
22109,Mississippi Portal,mp
23003,Northern Crescent,nc
23009,Northern Crescent,nc
23019,Northern Crescent,nc
23021,Northern Crescent,nc
23025,Northern Crescent,nc
23027,Northern Crescent,nc
23029,Northern Crescent,nc
23001,Northern Crescent,nc
23005,Northern Crescent,nc
23007,Northern Crescent,nc
23011,Northern Crescent,nc
23013,Northern Crescent,nc
23015,Northern Crescent,nc
23017,Northern Crescent,nc
23023,Northern Crescent,nc
23031,Northern Crescent,nc
24001,Eastern Uplands,eu
24023,Eastern Uplands,eu
24005,Northern Crescent,nc
24013,Northern Crescent,nc
24021,Northern Crescent,nc
24025,Northern Crescent,nc
24027,Northern Crescent,nc
24031,Northern Crescent,nc
24043,Northern Crescent,nc
24510,Northern Crescent,nc
24011,Southern Seaboard,ss
24015,Southern Seaboard,ss
24029,Southern Seaboard,ss
24035,Southern Seaboard,ss
24041,Southern Seaboard,ss
11001,Southern Seaboard,ss
24003,Southern Seaboard,ss
24009,Southern Seaboard,ss
24017,Southern Seaboard,ss
24033,Southern Seaboard,ss
24037,Southern Seaboard,ss
24019,Southern Seaboard,ss
24039,Southern Seaboard,ss
24045,Southern Seaboard,ss
24047,Southern Seaboard,ss
25001,Northern Crescent,nc
25003,Northern Crescent,nc
25005,Northern Crescent,nc
25009,Northern Crescent,nc
25011,Northern Crescent,nc
25013,Northern Crescent,nc
25015,Northern Crescent,nc
25017,Northern Crescent,nc
25021,Northern Crescent,nc
25023,Northern Crescent,nc
25025,Northern Crescent,nc
25027,Northern Crescent,nc
25007,Northern Crescent,nc
25019,Northern Crescent,nc
26003,Northern Crescent,nc
26013,Northern Crescent,nc
26033,Northern Crescent,nc
26041,Northern Crescent,nc
26043,Northern Crescent,nc
26053,Northern Crescent,nc
26061,Northern Crescent,nc
26071,Northern Crescent,nc
26083,Northern Crescent,nc
26095,Northern Crescent,nc
26097,Northern Crescent,nc
26103,Northern Crescent,nc
26109,Northern Crescent,nc
26131,Northern Crescent,nc
26153,Northern Crescent,nc
26009,Northern Crescent,nc
26019,Northern Crescent,nc
26029,Northern Crescent,nc
26047,Northern Crescent,nc
26055,Northern Crescent,nc
26079,Northern Crescent,nc
26089,Northern Crescent,nc
26101,Northern Crescent,nc
26113,Northern Crescent,nc
26165,Northern Crescent,nc
26001,Northern Crescent,nc
26007,Northern Crescent,nc
26031,Northern Crescent,nc
26039,Northern Crescent,nc
26069,Northern Crescent,nc
26119,Northern Crescent,nc
26129,Northern Crescent,nc
26135,Northern Crescent,nc
26137,Northern Crescent,nc
26141,Northern Crescent,nc
26143,Northern Crescent,nc
26085,Northern Crescent,nc
26105,Northern Crescent,nc
26121,Northern Crescent,nc
26123,Northern Crescent,nc
26127,Northern Crescent,nc
26035,Northern Crescent,nc
26051,Northern Crescent,nc
26057,Northern Crescent,nc
26073,Northern Crescent,nc
26107,Northern Crescent,nc
26111,Northern Crescent,nc
26117,Northern Crescent,nc
26133,Northern Crescent,nc
26011,Northern Crescent,nc
26017,Northern Crescent,nc
26063,Northern Crescent,nc
26145,Northern Crescent,nc
26151,Northern Crescent,nc
26157,Northern Crescent,nc
26005,Northern Crescent,nc
26021,Northern Crescent,nc
26027,Northern Crescent,nc
26077,Northern Crescent,nc
26081,Northern Crescent,nc
26139,Northern Crescent,nc
26159,Northern Crescent,nc
26015,Northern Crescent,nc
26023,Northern Crescent,nc
26025,Northern Crescent,nc
26037,Northern Crescent,nc
26045,Northern Crescent,nc
26059,Northern Crescent,nc
26065,Northern Crescent,nc
26067,Northern Crescent,nc
26075,Northern Crescent,nc
26149,Northern Crescent,nc
26155,Northern Crescent,nc
26049,Northern Crescent,nc
26087,Northern Crescent,nc
26091,Northern Crescent,nc
26093,Northern Crescent,nc
26099,Northern Crescent,nc
26115,Northern Crescent,nc
26125,Northern Crescent,nc
26147,Northern Crescent,nc
26161,Northern Crescent,nc
26163,Northern Crescent,nc
27005,Northern Great Plains,np
27027,Northern Great Plains,np
27029,Northern Great Plains,np
27069,Northern Great Plains,np
27087,Northern Great Plains,np
27089,Northern Great Plains,np
27107,Northern Great Plains,np
27113,Northern Great Plains,np
27119,Northern Great Plains,np
27125,Northern Great Plains,np
27135,Northern Great Plains,np
27007,Northern Crescent,nc
27021,Northern Crescent,nc
27057,Northern Crescent,nc
27061,Northern Crescent,nc
27071,Northern Crescent,nc
27077,Northern Crescent,nc
27031,Northern Crescent,nc
27075,Northern Crescent,nc
27137,Northern Crescent,nc
27011,Heartland,hl
27023,Heartland,hl
27041,Heartland,hl
27051,Heartland,hl
27073,Heartland,hl
27111,Heartland,hl
27121,Heartland,hl
27149,Heartland,hl
27151,Heartland,hl
27155,Heartland,hl
27167,Heartland,hl
27173,Heartland,hl
27009,Northern Crescent,nc
27019,Northern Crescent,nc
27067,Northern Crescent,nc
27085,Northern Crescent,nc
27093,Northern Crescent,nc
27097,Northern Crescent,nc
27129,Northern Crescent,nc
27139,Northern Crescent,nc
27141,Northern Crescent,nc
27143,Northern Crescent,nc
27145,Northern Crescent,nc
27153,Northern Crescent,nc
27159,Northern Crescent,nc
27171,Northern Crescent,nc
27001,Northern Crescent,nc
27003,Northern Crescent,nc
27017,Northern Crescent,nc
27025,Northern Crescent,nc
27035,Northern Crescent,nc
27053,Northern Crescent,nc
27059,Northern Crescent,nc
27065,Northern Crescent,nc
27095,Northern Crescent,nc
27115,Northern Crescent,nc
27123,Northern Crescent,nc
27163,Northern Crescent,nc
27033,Heartland,hl
27063,Heartland,hl
27081,Heartland,hl
27083,Heartland,hl
27101,Heartland,hl
27105,Heartland,hl
27117,Heartland,hl
27127,Heartland,hl
27133,Heartland,hl
27013,Heartland,hl
27015,Heartland,hl
27043,Heartland,hl
27047,Heartland,hl
27079,Heartland,hl
27091,Heartland,hl
27103,Heartland,hl
27131,Heartland,hl
27147,Heartland,hl
27161,Heartland,hl
27165,Heartland,hl
27037,Heartland,hl
27039,Heartland,hl
27045,Heartland,hl
27049,Heartland,hl
27055,Heartland,hl
27099,Heartland,hl
27109,Heartland,hl
27157,Heartland,hl
27169,Heartland,hl
28011,Mississippi Portal,mp
28027,Mississippi Portal,mp
28119,Mississippi Portal,mp
28135,Mississippi Portal,mp
28143,Mississippi Portal,mp
28009,Mississippi Portal,mp
28013,Mississippi Portal,mp
28033,Mississippi Portal,mp
28043,Mississippi Portal,mp
28071,Mississippi Portal,mp
28093,Mississippi Portal,mp
28107,Mississippi Portal,mp
28137,Mississippi Portal,mp
28161,Mississippi Portal,mp
28003,Mississippi Portal,mp
28057,Mississippi Portal,mp
28081,Mississippi Portal,mp
28115,Mississippi Portal,mp
28117,Mississippi Portal,mp
28139,Mississippi Portal,mp
28141,Mississippi Portal,mp
28145,Mississippi Portal,mp
28053,Mississippi Portal,mp
28055,Mississippi Portal,mp
28083,Mississippi Portal,mp
28125,Mississippi Portal,mp
28133,Mississippi Portal,mp
28151,Mississippi Portal,mp
28163,Mississippi Portal,mp
28007,Mississippi Portal,mp
28015,Mississippi Portal,mp
28019,Mississippi Portal,mp
28051,Mississippi Portal,mp
28079,Mississippi Portal,mp
28089,Mississippi Portal,mp
28097,Mississippi Portal,mp
28121,Mississippi Portal,mp
28123,Mississippi Portal,mp
28155,Mississippi Portal,mp
28017,Mississippi Portal,mp
28025,Mississippi Portal,mp
28069,Mississippi Portal,mp
28087,Mississippi Portal,mp
28095,Mississippi Portal,mp
28099,Mississippi Portal,mp
28103,Mississippi Portal,mp
28105,Mississippi Portal,mp
28159,Mississippi Portal,mp
28001,Mississippi Portal,mp
28005,Mississippi Portal,mp
28021,Mississippi Portal,mp
28029,Mississippi Portal,mp
28037,Mississippi Portal,mp
28049,Mississippi Portal,mp
28063,Mississippi Portal,mp
28085,Mississippi Portal,mp
28149,Mississippi Portal,mp
28157,Mississippi Portal,mp
28031,Southern Seaboard,ss
28065,Southern Seaboard,ss
28073,Southern Seaboard,ss
28077,Southern Seaboard,ss
28091,Southern Seaboard,ss
28113,Southern Seaboard,ss
28127,Southern Seaboard,ss
28129,Southern Seaboard,ss
28147,Southern Seaboard,ss
28023,Southern Seaboard,ss
28035,Southern Seaboard,ss
28039,Southern Seaboard,ss
28041,Southern Seaboard,ss
28045,Southern Seaboard,ss
28047,Southern Seaboard,ss
28059,Southern Seaboard,ss
28061,Southern Seaboard,ss
28067,Southern Seaboard,ss
28075,Southern Seaboard,ss
28101,Southern Seaboard,ss
28109,Southern Seaboard,ss
28111,Southern Seaboard,ss
28131,Southern Seaboard,ss
28153,Southern Seaboard,ss
29003,Heartland,hl
29005,Heartland,hl
29021,Heartland,hl
29025,Heartland,hl
29047,Heartland,hl
29049,Heartland,hl
29061,Heartland,hl
29063,Heartland,hl
29075,Heartland,hl
29081,Heartland,hl
29087,Heartland,hl
29147,Heartland,hl
29165,Heartland,hl
29177,Heartland,hl
29227,Heartland,hl
29001,Heartland,hl
29033,Heartland,hl
29041,Heartland,hl
29079,Heartland,hl
29115,Heartland,hl
29117,Heartland,hl
29121,Heartland,hl
29129,Heartland,hl
29171,Heartland,hl
29175,Heartland,hl
29197,Heartland,hl
29211,Heartland,hl
29007,Heartland,hl
29045,Heartland,hl
29103,Heartland,hl
29111,Heartland,hl
29127,Heartland,hl
29137,Heartland,hl
29163,Heartland,hl
29173,Heartland,hl
29199,Heartland,hl
29205,Heartland,hl
29013,Heartland,hl
29037,Heartland,hl
29039,Heartland,hl
29083,Heartland,hl
29095,Heartland,hl
29101,Heartland,hl
29107,Heartland,hl
29185,Heartland,hl
29217,Heartland,hl
29015,Heartland,hl
29019,Heartland,hl
29027,Heartland,hl
29029,Heartland,hl
29051,Heartland,hl
29053,Heartland,hl
29059,Heartland,hl
29085,Heartland,hl
29089,Heartland,hl
29105,Heartland,hl
29125,Heartland,hl
29131,Heartland,hl
29135,Heartland,hl
29141,Heartland,hl
29151,Heartland,hl
29159,Heartland,hl
29161,Heartland,hl
29167,Heartland,hl
29169,Heartland,hl
29195,Heartland,hl
29055,Heartland,hl
29071,Heartland,hl
29073,Heartland,hl
29099,Heartland,hl
29113,Heartland,hl
29139,Heartland,hl
29157,Heartland,hl
29183,Heartland,hl
29187,Heartland,hl
29189,Heartland,hl
29219,Heartland,hl
29221,Heartland,hl
29510,Heartland,hl
29186,Heartland,hl
29009,Eastern Uplands,eu
29011,Eastern Uplands,eu
29043,Eastern Uplands,eu
29057,Eastern Uplands,eu
29077,Eastern Uplands,eu
29097,Eastern Uplands,eu
29109,Eastern Uplands,eu
29119,Eastern Uplands,eu
29145,Eastern Uplands,eu
29209,Eastern Uplands,eu
29017,Eastern Uplands,eu
29035,Eastern Uplands,eu
29065,Eastern Uplands,eu
29067,Eastern Uplands,eu
29091,Eastern Uplands,eu
29093,Eastern Uplands,eu
29123,Eastern Uplands,eu
29149,Eastern Uplands,eu
29153,Eastern Uplands,eu
29179,Eastern Uplands,eu
29181,Eastern Uplands,eu
29203,Eastern Uplands,eu
29213,Eastern Uplands,eu
29215,Eastern Uplands,eu
29223,Eastern Uplands,eu
29225,Eastern Uplands,eu
29229,Eastern Uplands,eu
29023,Heartland,hl
29031,Heartland,hl
29069,Heartland,hl
29133,Heartland,hl
29143,Heartland,hl
29155,Heartland,hl
29201,Heartland,hl
29207,Heartland,hl
30023,Basin and Range,br
30029,Basin and Range,br
30039,Basin and Range,br
30047,Basin and Range,br
30053,Basin and Range,br
30061,Basin and Range,br
30063,Basin and Range,br
30077,Basin and Range,br
30081,Basin and Range,br
30089,Basin and Range,br
30005,Northern Great Plains,np
30015,Northern Great Plains,np
30035,Northern Great Plains,np
30041,Northern Great Plains,np
30051,Northern Great Plains,np
30071,Northern Great Plains,np
30073,Northern Great Plains,np
30099,Northern Great Plains,np
30101,Northern Great Plains,np
30019,Northern Great Plains,np
30021,Northern Great Plains,np
30033,Northern Great Plains,np
30055,Northern Great Plains,np
30083,Northern Great Plains,np
30085,Northern Great Plains,np
30091,Northern Great Plains,np
30105,Northern Great Plains,np
30007,Basin and Range,br
30013,Basin and Range,br
30027,Basin and Range,br
30037,Basin and Range,br
30045,Basin and Range,br
30049,Basin and Range,br
30059,Basin and Range,br
30065,Basin and Range,br
30069,Basin and Range,br
30107,Basin and Range,br
30001,Basin and Range,br
30031,Basin and Range,br
30043,Basin and Range,br
30057,Basin and Range,br
30093,Basin and Range,br
30003,Basin and Range,br
30009,Basin and Range,br
30067,Basin and Range,br
30095,Basin and Range,br
30097,Basin and Range,br
30103,Basin and Range,br
30111,Basin and Range,br
30011,Northern Great Plains,np
30017,Northern Great Plains,np
30025,Northern Great Plains,np
30075,Northern Great Plains,np
30079,Northern Great Plains,np
30087,Northern Great Plains,np
30109,Northern Great Plains,np
31007,Northern Great Plains,np
31013,Northern Great Plains,np
31033,Northern Great Plains,np
31045,Northern Great Plains,np
31049,Northern Great Plains,np
31069,Northern Great Plains,np
31105,Northern Great Plains,np
31123,Northern Great Plains,np
31157,Northern Great Plains,np
31161,Northern Great Plains,np
31165,Northern Great Plains,np
31005,Northern Great Plains,np
31009,Northern Great Plains,np
31015,Northern Great Plains,np
31017,Northern Great Plains,np
31031,Northern Great Plains,np
31071,Northern Great Plains,np
31075,Northern Great Plains,np
31089,Northern Great Plains,np
31091,Northern Great Plains,np
31103,Northern Great Plains,np
31113,Northern Great Plains,np
31115,Northern Great Plains,np
31117,Northern Great Plains,np
31149,Northern Great Plains,np
31171,Northern Great Plains,np
31183,Northern Great Plains,np
31003,Heartland,hl
31011,Heartland,hl
31021,Heartland,hl
31027,Heartland,hl
31039,Heartland,hl
31043,Heartland,hl
31051,Heartland,hl
31107,Heartland,hl
31119,Heartland,hl
31139,Heartland,hl
31167,Heartland,hl
31173,Heartland,hl
31179,Heartland,hl
31019,Prairie Gateway,pg
31041,Prairie Gateway,pg
31047,Prairie Gateway,pg
31077,Prairie Gateway,pg
31079,Prairie Gateway,pg
31093,Prairie Gateway,pg
31163,Prairie Gateway,pg
31175,Prairie Gateway,pg
31023,Heartland,hl
31025,Heartland,hl
31037,Heartland,hl
31053,Heartland,hl
31055,Heartland,hl
31081,Heartland,hl
31109,Heartland,hl
31121,Heartland,hl
31125,Heartland,hl
31141,Heartland,hl
31143,Heartland,hl
31153,Heartland,hl
31155,Heartland,hl
31159,Heartland,hl
31177,Heartland,hl
31185,Heartland,hl
31029,Prairie Gateway,pg
31057,Prairie Gateway,pg
31063,Prairie Gateway,pg
31085,Prairie Gateway,pg
31087,Prairie Gateway,pg
31101,Prairie Gateway,pg
31111,Prairie Gateway,pg
31135,Prairie Gateway,pg
31145,Prairie Gateway,pg
31001,Prairie Gateway,pg
31061,Prairie Gateway,pg
31065,Prairie Gateway,pg
31073,Prairie Gateway,pg
31083,Prairie Gateway,pg
31099,Prairie Gateway,pg
31137,Prairie Gateway,pg
31181,Prairie Gateway,pg
31035,Prairie Gateway,pg
31059,Prairie Gateway,pg
31067,Prairie Gateway,pg
31095,Prairie Gateway,pg
31097,Prairie Gateway,pg
31127,Prairie Gateway,pg
31129,Prairie Gateway,pg
31131,Prairie Gateway,pg
31133,Prairie Gateway,pg
31147,Prairie Gateway,pg
31151,Prairie Gateway,pg
31169,Prairie Gateway,pg
32001,Basin and Range,br
32005,Basin and Range,br
32013,Basin and Range,br
32019,Basin and Range,br
32027,Basin and Range,br
32029,Basin and Range,br
32031,Basin and Range,br
32510,Basin and Range,br
32007,Basin and Range,br
32011,Basin and Range,br
32015,Basin and Range,br
32033,Basin and Range,br
32003,Basin and Range,br
32009,Basin and Range,br
32017,Basin and Range,br
32021,Basin and Range,br
32023,Basin and Range,br
33001,Northern Crescent,nc
33003,Northern Crescent,nc
33005,Northern Crescent,nc
33007,Northern Crescent,nc
33009,Northern Crescent,nc
33011,Northern Crescent,nc
33013,Northern Crescent,nc
33015,Northern Crescent,nc
33017,Northern Crescent,nc
33019,Northern Crescent,nc
34003,Northern Crescent,nc
34013,Northern Crescent,nc
34017,Northern Crescent,nc
34019,Northern Crescent,nc
34027,Northern Crescent,nc
34031,Northern Crescent,nc
34035,Northern Crescent,nc
34037,Northern Crescent,nc
34039,Northern Crescent,nc
34041,Northern Crescent,nc
34005,Northern Crescent,nc
34021,Northern Crescent,nc
34023,Northern Crescent,nc
34025,Northern Crescent,nc
34029,Northern Crescent,nc
34001,Northern Crescent,nc
34007,Northern Crescent,nc
34009,Northern Crescent,nc
34011,Northern Crescent,nc
34015,Northern Crescent,nc
34033,Northern Crescent,nc
35001,Basin and Range,br
35006,Basin and Range,br
35028,Basin and Range,br
35031,Basin and Range,br
35039,Basin and Range,br
35043,Basin and Range,br
35045,Basin and Range,br
35049,Basin and Range,br
35055,Basin and Range,br
35061,Basin and Range,br
35007,Prairie Gateway,pg
35009,Prairie Gateway,pg
35011,Prairie Gateway,pg
35019,Prairie Gateway,pg
35021,Prairie Gateway,pg
35033,Prairie Gateway,pg
35037,Prairie Gateway,pg
35041,Prairie Gateway,pg
35047,Prairie Gateway,pg
35057,Prairie Gateway,pg
35059,Prairie Gateway,pg
35003,Basin and Range,br
35017,Basin and Range,br
35023,Basin and Range,br
35029,Basin and Range,br
35051,Basin and Range,br
35053,Basin and Range,br
35005,Prairie Gateway,pg
35013,Prairie Gateway,pg
35015,Prairie Gateway,pg
35025,Prairie Gateway,pg
35027,Prairie Gateway,pg
35035,Prairie Gateway,pg
36045,Northern Crescent,nc
36049,Northern Crescent,nc
36089,Northern Crescent,nc
36019,Northern Crescent,nc
36031,Northern Crescent,nc
36033,Northern Crescent,nc
36041,Northern Crescent,nc
36113,Northern Crescent,nc
36029,Northern Crescent,nc
36037,Northern Crescent,nc
36051,Northern Crescent,nc
36055,Northern Crescent,nc
36063,Northern Crescent,nc
36069,Northern Crescent,nc
36073,Northern Crescent,nc
36099,Northern Crescent,nc
36117,Northern Crescent,nc
36121,Northern Crescent,nc
36123,Northern Crescent,nc
36011,Northern Crescent,nc
36017,Northern Crescent,nc
36023,Northern Crescent,nc
36043,Northern Crescent,nc
36053,Northern Crescent,nc
36065,Northern Crescent,nc
36067,Northern Crescent,nc
36075,Northern Crescent,nc
36077,Northern Crescent,nc
36001,Northern Crescent,nc
36035,Northern Crescent,nc
36057,Northern Crescent,nc
36083,Northern Crescent,nc
36091,Northern Crescent,nc
36093,Northern Crescent,nc
36095,Northern Crescent,nc
36115,Northern Crescent,nc
36003,Northern Crescent,nc
36009,Northern Crescent,nc
36013,Northern Crescent,nc
36101,Northern Crescent,nc
36007,Northern Crescent,nc
36015,Northern Crescent,nc
36097,Northern Crescent,nc
36107,Northern Crescent,nc
36109,Northern Crescent,nc
36021,Northern Crescent,nc
36025,Northern Crescent,nc
36027,Northern Crescent,nc
36039,Northern Crescent,nc
36071,Northern Crescent,nc
36079,Northern Crescent,nc
36087,Northern Crescent,nc
36105,Northern Crescent,nc
36111,Northern Crescent,nc
36119,Northern Crescent,nc
36005,Northern Crescent,nc
36047,Northern Crescent,nc
36059,Northern Crescent,nc
36061,Northern Crescent,nc
36081,Northern Crescent,nc
36103,Northern Crescent,nc
36085,Northern Crescent,nc
37005,Southern Seaboard,ss
37009,Southern Seaboard,ss
37011,Southern Seaboard,ss
37027,Southern Seaboard,ss
37171,Southern Seaboard,ss
37189,Southern Seaboard,ss
37193,Southern Seaboard,ss
37197,Southern Seaboard,ss
37021,Eastern Uplands,eu
37023,Eastern Uplands,eu
37039,Eastern Uplands,eu
37043,Eastern Uplands,eu
37075,Eastern Uplands,eu
37087,Eastern Uplands,eu
37089,Eastern Uplands,eu
37099,Eastern Uplands,eu
37111,Eastern Uplands,eu
37113,Eastern Uplands,eu
37115,Eastern Uplands,eu
37121,Eastern Uplands,eu
37149,Eastern Uplands,eu
37161,Eastern Uplands,eu
37173,Eastern Uplands,eu
37175,Eastern Uplands,eu
37199,Eastern Uplands,eu
37001,Southern Seaboard,ss
37033,Southern Seaboard,ss
37063,Southern Seaboard,ss
37067,Southern Seaboard,ss
37069,Southern Seaboard,ss
37077,Southern Seaboard,ss
37081,Southern Seaboard,ss
37135,Southern Seaboard,ss
37145,Southern Seaboard,ss
37157,Southern Seaboard,ss
37169,Southern Seaboard,ss
37181,Southern Seaboard,ss
37185,Southern Seaboard,ss
37003,Southern Seaboard,ss
37035,Southern Seaboard,ss
37037,Southern Seaboard,ss
37057,Southern Seaboard,ss
37059,Southern Seaboard,ss
37097,Southern Seaboard,ss
37105,Southern Seaboard,ss
37151,Southern Seaboard,ss
37159,Southern Seaboard,ss
37183,Southern Seaboard,ss
37007,Southern Seaboard,ss
37025,Southern Seaboard,ss
37045,Southern Seaboard,ss
37071,Southern Seaboard,ss
37109,Southern Seaboard,ss
37119,Southern Seaboard,ss
37123,Southern Seaboard,ss
37125,Southern Seaboard,ss
37153,Southern Seaboard,ss
37167,Southern Seaboard,ss
37179,Southern Seaboard,ss
37015,Southern Seaboard,ss
37029,Southern Seaboard,ss
37041,Southern Seaboard,ss
37053,Southern Seaboard,ss
37055,Southern Seaboard,ss
37065,Southern Seaboard,ss
37073,Southern Seaboard,ss
37083,Southern Seaboard,ss
37091,Southern Seaboard,ss
37117,Southern Seaboard,ss
37127,Southern Seaboard,ss
37131,Southern Seaboard,ss
37139,Southern Seaboard,ss
37143,Southern Seaboard,ss
37177,Southern Seaboard,ss
37187,Southern Seaboard,ss
37013,Southern Seaboard,ss
37031,Southern Seaboard,ss
37049,Southern Seaboard,ss
37079,Southern Seaboard,ss
37095,Southern Seaboard,ss
37101,Southern Seaboard,ss
37103,Southern Seaboard,ss
37107,Southern Seaboard,ss
37137,Southern Seaboard,ss
37147,Southern Seaboard,ss
37191,Southern Seaboard,ss
37195,Southern Seaboard,ss
37017,Southern Seaboard,ss
37019,Southern Seaboard,ss
37047,Southern Seaboard,ss
37051,Southern Seaboard,ss
37061,Southern Seaboard,ss
37085,Southern Seaboard,ss
37093,Southern Seaboard,ss
37129,Southern Seaboard,ss
37133,Southern Seaboard,ss
37141,Southern Seaboard,ss
37155,Southern Seaboard,ss
37163,Southern Seaboard,ss
37165,Southern Seaboard,ss
38013,Northern Great Plains,np
38023,Northern Great Plains,np
38061,Northern Great Plains,np
38075,Northern Great Plains,np
38101,Northern Great Plains,np
38105,Northern Great Plains,np
38005,Northern Great Plains,np
38009,Northern Great Plains,np
38049,Northern Great Plains,np
38069,Northern Great Plains,np
38079,Northern Great Plains,np
38019,Northern Great Plains,np
38035,Northern Great Plains,np
38063,Northern Great Plains,np
38067,Northern Great Plains,np
38071,Northern Great Plains,np
38095,Northern Great Plains,np
38099,Northern Great Plains,np
38025,Northern Great Plains,np
38053,Northern Great Plains,np
38055,Northern Great Plains,np
38057,Northern Great Plains,np
38065,Northern Great Plains,np
38027,Northern Great Plains,np
38031,Northern Great Plains,np
38043,Northern Great Plains,np
38083,Northern Great Plains,np
38093,Northern Great Plains,np
38103,Northern Great Plains,np
38003,Northern Great Plains,np
38017,Northern Great Plains,np
38039,Northern Great Plains,np
38091,Northern Great Plains,np
38097,Northern Great Plains,np
38001,Northern Great Plains,np
38007,Northern Great Plains,np
38011,Northern Great Plains,np
38033,Northern Great Plains,np
38041,Northern Great Plains,np
38087,Northern Great Plains,np
38089,Northern Great Plains,np
38015,Northern Great Plains,np
38029,Northern Great Plains,np
38037,Northern Great Plains,np
38059,Northern Great Plains,np
38085,Northern Great Plains,np
38021,Northern Great Plains,np
38045,Northern Great Plains,np
38047,Northern Great Plains,np
38051,Northern Great Plains,np
38073,Northern Great Plains,np
38077,Northern Great Plains,np
38081,Northern Great Plains,np
39003,Heartland,hl
39039,Heartland,hl
39051,Heartland,hl
39063,Heartland,hl
39069,Heartland,hl
39095,Heartland,hl
39125,Heartland,hl
39137,Heartland,hl
39161,Heartland,hl
39171,Heartland,hl
39173,Heartland,hl
39005,Northern Crescent,nc
39033,Northern Crescent,nc
39043,Northern Crescent,nc
39077,Northern Crescent,nc
39093,Northern Crescent,nc
39123,Northern Crescent,nc
39139,Northern Crescent,nc
39143,Northern Crescent,nc
39147,Northern Crescent,nc
39175,Northern Crescent,nc
39007,Northern Crescent,nc
39029,Northern Crescent,nc
39035,Northern Crescent,nc
39055,Northern Crescent,nc
39085,Northern Crescent,nc
39099,Northern Crescent,nc
39103,Northern Crescent,nc
39133,Northern Crescent,nc
39151,Northern Crescent,nc
39153,Northern Crescent,nc
39155,Northern Crescent,nc
39169,Northern Crescent,nc
39011,Heartland,hl
39021,Heartland,hl
39023,Heartland,hl
39037,Heartland,hl
39065,Heartland,hl
39091,Heartland,hl
39107,Heartland,hl
39109,Heartland,hl
39149,Heartland,hl
39041,Heartland,hl
39045,Heartland,hl
39047,Heartland,hl
39049,Heartland,hl
39083,Heartland,hl
39089,Heartland,hl
39097,Heartland,hl
39101,Heartland,hl
39117,Heartland,hl
39129,Heartland,hl
39141,Heartland,hl
39159,Heartland,hl
39013,Eastern Uplands,eu
39019,Eastern Uplands,eu
39031,Eastern Uplands,eu
39067,Eastern Uplands,eu
39075,Eastern Uplands,eu
39081,Eastern Uplands,eu
39157,Eastern Uplands,eu
39017,Heartland,hl
39025,Heartland,hl
39027,Heartland,hl
39057,Heartland,hl
39061,Heartland,hl
39113,Heartland,hl
39135,Heartland,hl
39165,Heartland,hl
39001,Heartland,hl
39015,Heartland,hl
39053,Heartland,hl
39071,Heartland,hl
39079,Heartland,hl
39087,Heartland,hl
39131,Heartland,hl
39145,Heartland,hl
39009,Eastern Uplands,eu
39059,Eastern Uplands,eu
39073,Eastern Uplands,eu
39105,Eastern Uplands,eu
39111,Eastern Uplands,eu
39115,Eastern Uplands,eu
39119,Eastern Uplands,eu
39121,Eastern Uplands,eu
39127,Eastern Uplands,eu
39163,Eastern Uplands,eu
39167,Eastern Uplands,eu
40007,Prairie Gateway,pg
40025,Prairie Gateway,pg
40045,Prairie Gateway,pg
40059,Prairie Gateway,pg
40139,Prairie Gateway,pg
40009,Prairie Gateway,pg
40011,Prairie Gateway,pg
40039,Prairie Gateway,pg
40043,Prairie Gateway,pg
40129,Prairie Gateway,pg
40149,Prairie Gateway,pg
40015,Prairie Gateway,pg
40031,Prairie Gateway,pg
40033,Prairie Gateway,pg
40055,Prairie Gateway,pg
40057,Prairie Gateway,pg
40065,Prairie Gateway,pg
40075,Prairie Gateway,pg
40141,Prairie Gateway,pg
40003,Prairie Gateway,pg
40047,Prairie Gateway,pg
40053,Prairie Gateway,pg
40071,Prairie Gateway,pg
40093,Prairie Gateway,pg
40103,Prairie Gateway,pg
40151,Prairie Gateway,pg
40153,Prairie Gateway,pg
40017,Prairie Gateway,pg
40027,Prairie Gateway,pg
40037,Prairie Gateway,pg
40051,Prairie Gateway,pg
40073,Prairie Gateway,pg
40081,Prairie Gateway,pg
40083,Prairie Gateway,pg
40087,Prairie Gateway,pg
40107,Prairie Gateway,pg
40109,Prairie Gateway,pg
40119,Prairie Gateway,pg
40125,Prairie Gateway,pg
40133,Prairie Gateway,pg
40005,Prairie Gateway,pg
40013,Prairie Gateway,pg
40019,Prairie Gateway,pg
40029,Prairie Gateway,pg
40049,Prairie Gateway,pg
40067,Prairie Gateway,pg
40069,Prairie Gateway,pg
40085,Prairie Gateway,pg
40095,Prairie Gateway,pg
40099,Prairie Gateway,pg
40123,Prairie Gateway,pg
40137,Prairie Gateway,pg
40035,Eastern Uplands,eu
40041,Eastern Uplands,eu
40097,Eastern Uplands,eu
40105,Eastern Uplands,eu
40113,Eastern Uplands,eu
40115,Eastern Uplands,eu
40117,Eastern Uplands,eu
40131,Eastern Uplands,eu
40143,Eastern Uplands,eu
40145,Eastern Uplands,eu
40147,Eastern Uplands,eu
40001,Eastern Uplands,eu
40021,Eastern Uplands,eu
40061,Eastern Uplands,eu
40063,Eastern Uplands,eu
40091,Eastern Uplands,eu
40101,Eastern Uplands,eu
40111,Eastern Uplands,eu
40121,Eastern Uplands,eu
40135,Eastern Uplands,eu
40023,Eastern Uplands,eu
40077,Eastern Uplands,eu
40079,Eastern Uplands,eu
40089,Eastern Uplands,eu
40127,Eastern Uplands,eu
41003,Fruitful Rim,fr
41005,Fruitful Rim,fr
41007,Fruitful Rim,fr
41009,Fruitful Rim,fr
41039,Fruitful Rim,fr
41041,Fruitful Rim,fr
41043,Fruitful Rim,fr
41047,Fruitful Rim,fr
41051,Fruitful Rim,fr
41053,Fruitful Rim,fr
41057,Fruitful Rim,fr
41067,Fruitful Rim,fr
41071,Fruitful Rim,fr
41021,Basin and Range,br
41027,Basin and Range,br
41049,Basin and Range,br
41055,Basin and Range,br
41065,Basin and Range,br
41001,Fruitful Rim,fr
41059,Fruitful Rim,fr
41061,Fruitful Rim,fr
41063,Fruitful Rim,fr
41011,Fruitful Rim,fr
41015,Fruitful Rim,fr
41019,Fruitful Rim,fr
41029,Fruitful Rim,fr
41033,Fruitful Rim,fr
41013,Basin and Range,br
41017,Basin and Range,br
41023,Basin and Range,br
41025,Basin and Range,br
41031,Basin and Range,br
41035,Basin and Range,br
41037,Basin and Range,br
41045,Basin and Range,br
41069,Basin and Range,br
42039,Northern Crescent,nc
42049,Northern Crescent,nc
42053,Northern Crescent,nc
42085,Northern Crescent,nc
42121,Northern Crescent,nc
42123,Northern Crescent,nc
42015,Northern Crescent,nc
42023,Northern Crescent,nc
42035,Northern Crescent,nc
42047,Northern Crescent,nc
42081,Northern Crescent,nc
42083,Northern Crescent,nc
42105,Northern Crescent,nc
42113,Northern Crescent,nc
42117,Northern Crescent,nc
42069,Northern Crescent,nc
42115,Northern Crescent,nc
42127,Northern Crescent,nc
42131,Northern Crescent,nc
42005,Eastern Uplands,eu
42007,Eastern Uplands,eu
42019,Eastern Uplands,eu
42031,Eastern Uplands,eu
42063,Eastern Uplands,eu
42065,Eastern Uplands,eu
42073,Eastern Uplands,eu
42013,Northern Crescent,nc
42021,Northern Crescent,nc
42027,Northern Crescent,nc
42033,Northern Crescent,nc
42037,Northern Crescent,nc
42043,Northern Crescent,nc
42061,Northern Crescent,nc
42067,Northern Crescent,nc
42087,Northern Crescent,nc
42093,Northern Crescent,nc
42097,Northern Crescent,nc
42099,Northern Crescent,nc
42109,Northern Crescent,nc
42119,Northern Crescent,nc
42025,Northern Crescent,nc
42077,Northern Crescent,nc
42079,Northern Crescent,nc
42089,Northern Crescent,nc
42095,Northern Crescent,nc
42103,Northern Crescent,nc
42107,Northern Crescent,nc
42003,Eastern Uplands,eu
42051,Eastern Uplands,eu
42059,Eastern Uplands,eu
42111,Eastern Uplands,eu
42125,Eastern Uplands,eu
42129,Eastern Uplands,eu
42001,Northern Crescent,nc
42009,Northern Crescent,nc
42041,Northern Crescent,nc
42055,Northern Crescent,nc
42057,Northern Crescent,nc
42133,Northern Crescent,nc
42011,Northern Crescent,nc
42017,Northern Crescent,nc
42029,Northern Crescent,nc
42045,Northern Crescent,nc
42071,Northern Crescent,nc
42075,Northern Crescent,nc
42091,Northern Crescent,nc
42101,Northern Crescent,nc
44001,Northern Crescent,nc
44003,Northern Crescent,nc
44007,Northern Crescent,nc
44009,Northern Crescent,nc
44005,Northern Crescent,nc
45007,Southern Seaboard,ss
45021,Southern Seaboard,ss
45045,Southern Seaboard,ss
45059,Southern Seaboard,ss
45073,Southern Seaboard,ss
45077,Southern Seaboard,ss
45083,Southern Seaboard,ss
45087,Southern Seaboard,ss
45023,Southern Seaboard,ss
45039,Southern Seaboard,ss
45055,Southern Seaboard,ss
45057,Southern Seaboard,ss
45091,Southern Seaboard,ss
45025,Southern Seaboard,ss
45031,Southern Seaboard,ss
45033,Southern Seaboard,ss
45041,Southern Seaboard,ss
45043,Southern Seaboard,ss
45051,Southern Seaboard,ss
45067,Southern Seaboard,ss
45069,Southern Seaboard,ss
45089,Southern Seaboard,ss
45001,Southern Seaboard,ss
45003,Southern Seaboard,ss
45037,Southern Seaboard,ss
45047,Southern Seaboard,ss
45065,Southern Seaboard,ss
45071,Southern Seaboard,ss
45081,Southern Seaboard,ss
45017,Southern Seaboard,ss
45027,Southern Seaboard,ss
45061,Southern Seaboard,ss
45063,Southern Seaboard,ss
45075,Southern Seaboard,ss
45079,Southern Seaboard,ss
45085,Southern Seaboard,ss
45005,Fruitful Rim,fr
45009,Fruitful Rim,fr
45011,Fruitful Rim,fr
45013,Fruitful Rim,fr
45015,Fruitful Rim,fr
45019,Fruitful Rim,fr
45029,Fruitful Rim,fr
45035,Fruitful Rim,fr
45049,Fruitful Rim,fr
45053,Fruitful Rim,fr
46019,Northern Great Plains,np
46031,Northern Great Plains,np
46041,Northern Great Plains,np
46063,Northern Great Plains,np
46105,Northern Great Plains,np
46137,Northern Great Plains,np
46013,Northern Great Plains,np
46021,Northern Great Plains,np
46045,Northern Great Plains,np
46049,Northern Great Plains,np
46089,Northern Great Plains,np
46107,Northern Great Plains,np
46115,Northern Great Plains,np
46129,Northern Great Plains,np
46025,Northern Great Plains,np
46029,Northern Great Plains,np
46037,Northern Great Plains,np
46039,Northern Great Plains,np
46051,Northern Great Plains,np
46057,Northern Great Plains,np
46091,Northern Great Plains,np
46109,Northern Great Plains,np
46055,Northern Great Plains,np
46071,Northern Great Plains,np
46081,Northern Great Plains,np
46093,Northern Great Plains,np
46103,Northern Great Plains,np
46117,Northern Great Plains,np
46003,Northern Great Plains,np
46005,Northern Great Plains,np
46015,Northern Great Plains,np
46017,Northern Great Plains,np
46059,Northern Great Plains,np
46065,Northern Great Plains,np
46069,Northern Great Plains,np
46073,Northern Great Plains,np
46119,Northern Great Plains,np
46011,Heartland,hl
46035,Heartland,hl
46061,Heartland,hl
46077,Heartland,hl
46079,Heartland,hl
46087,Heartland,hl
46097,Heartland,hl
46099,Heartland,hl
46101,Heartland,hl
46111,Heartland,hl
46007,Northern Great Plains,np
46033,Northern Great Plains,np
46047,Northern Great Plains,np
46113,Northern Great Plains,np
46053,Northern Great Plains,np
46075,Northern Great Plains,np
46085,Northern Great Plains,np
46095,Northern Great Plains,np
46121,Northern Great Plains,np
46123,Northern Great Plains,np
46009,Heartland,hl
46023,Heartland,hl
46027,Heartland,hl
46043,Heartland,hl
46067,Heartland,hl
46083,Heartland,hl
46125,Heartland,hl
46127,Heartland,hl
46135,Heartland,hl
47045,Mississippi Portal,mp
47095,Mississippi Portal,mp
47097,Mississippi Portal,mp
47131,Mississippi Portal,mp
47157,Mississippi Portal,mp
47167,Mississippi Portal,mp
47017,Mississippi Portal,mp
47023,Mississippi Portal,mp
47033,Mississippi Portal,mp
47047,Mississippi Portal,mp
47053,Mississippi Portal,mp
47069,Mississippi Portal,mp
47075,Mississippi Portal,mp
47077,Mississippi Portal,mp
47079,Mississippi Portal,mp
47109,Mississippi Portal,mp
47113,Mississippi Portal,mp
47183,Mississippi Portal,mp
47005,Mississippi Portal,mp
47021,Mississippi Portal,mp
47039,Mississippi Portal,mp
47043,Mississippi Portal,mp
47071,Mississippi Portal,mp
47081,Mississippi Portal,mp
47083,Mississippi Portal,mp
47085,Mississippi Portal,mp
47099,Mississippi Portal,mp
47101,Mississippi Portal,mp
47125,Mississippi Portal,mp
47135,Mississippi Portal,mp
47147,Mississippi Portal,mp
47161,Mississippi Portal,mp
47181,Mississippi Portal,mp
47003,Eastern Uplands,eu
47015,Eastern Uplands,eu
47027,Eastern Uplands,eu
47037,Eastern Uplands,eu
47041,Eastern Uplands,eu
47055,Eastern Uplands,eu
47087,Eastern Uplands,eu
47103,Eastern Uplands,eu
47111,Eastern Uplands,eu
47117,Eastern Uplands,eu
47119,Eastern Uplands,eu
47127,Eastern Uplands,eu
47149,Eastern Uplands,eu
47159,Eastern Uplands,eu
47165,Eastern Uplands,eu
47169,Eastern Uplands,eu
47187,Eastern Uplands,eu
47189,Eastern Uplands,eu
47007,Eastern Uplands,eu
47031,Eastern Uplands,eu
47035,Eastern Uplands,eu
47049,Eastern Uplands,eu
47051,Eastern Uplands,eu
47061,Eastern Uplands,eu
47115,Eastern Uplands,eu
47129,Eastern Uplands,eu
47133,Eastern Uplands,eu
47137,Eastern Uplands,eu
47141,Eastern Uplands,eu
47151,Eastern Uplands,eu
47153,Eastern Uplands,eu
47175,Eastern Uplands,eu
47177,Eastern Uplands,eu
47185,Eastern Uplands,eu
47001,Eastern Uplands,eu
47009,Eastern Uplands,eu
47011,Eastern Uplands,eu
47013,Eastern Uplands,eu
47019,Eastern Uplands,eu
47025,Eastern Uplands,eu
47029,Eastern Uplands,eu
47057,Eastern Uplands,eu
47059,Eastern Uplands,eu
47063,Eastern Uplands,eu
47065,Eastern Uplands,eu
47067,Eastern Uplands,eu
47073,Eastern Uplands,eu
47089,Eastern Uplands,eu
47091,Eastern Uplands,eu
47093,Eastern Uplands,eu
47105,Eastern Uplands,eu
47107,Eastern Uplands,eu
47121,Eastern Uplands,eu
47123,Eastern Uplands,eu
47139,Eastern Uplands,eu
47143,Eastern Uplands,eu
47145,Eastern Uplands,eu
47155,Eastern Uplands,eu
47163,Eastern Uplands,eu
47171,Eastern Uplands,eu
47173,Eastern Uplands,eu
47179,Eastern Uplands,eu
48011,Prairie Gateway,pg
48045,Prairie Gateway,pg
48065,Prairie Gateway,pg
48069,Prairie Gateway,pg
48111,Prairie Gateway,pg
48117,Prairie Gateway,pg
48153,Prairie Gateway,pg
48179,Prairie Gateway,pg
48189,Prairie Gateway,pg
48195,Prairie Gateway,pg
48205,Prairie Gateway,pg
48211,Prairie Gateway,pg
48233,Prairie Gateway,pg
48295,Prairie Gateway,pg
48341,Prairie Gateway,pg
48357,Prairie Gateway,pg
48359,Prairie Gateway,pg
48369,Prairie Gateway,pg
48375,Prairie Gateway,pg
48381,Prairie Gateway,pg
48393,Prairie Gateway,pg
48421,Prairie Gateway,pg
48437,Prairie Gateway,pg
48003,Prairie Gateway,pg
48017,Prairie Gateway,pg
48079,Prairie Gateway,pg
48107,Prairie Gateway,pg
48115,Prairie Gateway,pg
48165,Prairie Gateway,pg
48173,Prairie Gateway,pg
48219,Prairie Gateway,pg
48227,Prairie Gateway,pg
48279,Prairie Gateway,pg
48303,Prairie Gateway,pg
48305,Prairie Gateway,pg
48317,Prairie Gateway,pg
48329,Prairie Gateway,pg
48445,Prairie Gateway,pg
48501,Prairie Gateway,pg
48033,Prairie Gateway,pg
48075,Prairie Gateway,pg
48087,Prairie Gateway,pg
48101,Prairie Gateway,pg
48125,Prairie Gateway,pg
48129,Prairie Gateway,pg
48155,Prairie Gateway,pg
48169,Prairie Gateway,pg
48191,Prairie Gateway,pg
48197,Prairie Gateway,pg
48263,Prairie Gateway,pg
48269,Prairie Gateway,pg
48345,Prairie Gateway,pg
48483,Prairie Gateway,pg
48485,Prairie Gateway,pg
48487,Prairie Gateway,pg
48023,Prairie Gateway,pg
48083,Prairie Gateway,pg
48151,Prairie Gateway,pg
48207,Prairie Gateway,pg
48253,Prairie Gateway,pg
48275,Prairie Gateway,pg
48335,Prairie Gateway,pg
48353,Prairie Gateway,pg
48399,Prairie Gateway,pg
48415,Prairie Gateway,pg
48433,Prairie Gateway,pg
48441,Prairie Gateway,pg
48009,Prairie Gateway,pg
48049,Prairie Gateway,pg
48059,Prairie Gateway,pg
48077,Prairie Gateway,pg
48093,Prairie Gateway,pg
48133,Prairie Gateway,pg
48143,Prairie Gateway,pg
48221,Prairie Gateway,pg
48237,Prairie Gateway,pg
48333,Prairie Gateway,pg
48337,Prairie Gateway,pg
48363,Prairie Gateway,pg
48367,Prairie Gateway,pg
48417,Prairie Gateway,pg
48425,Prairie Gateway,pg
48429,Prairie Gateway,pg
48447,Prairie Gateway,pg
48497,Prairie Gateway,pg
48503,Prairie Gateway,pg
48027,Prairie Gateway,pg
48035,Prairie Gateway,pg
48085,Prairie Gateway,pg
48097,Prairie Gateway,pg
48099,Prairie Gateway,pg
48113,Prairie Gateway,pg
48119,Prairie Gateway,pg
48121,Prairie Gateway,pg
48139,Prairie Gateway,pg
48145,Prairie Gateway,pg
48147,Prairie Gateway,pg
48181,Prairie Gateway,pg
48193,Prairie Gateway,pg
48217,Prairie Gateway,pg
48231,Prairie Gateway,pg
48251,Prairie Gateway,pg
48257,Prairie Gateway,pg
48277,Prairie Gateway,pg
48293,Prairie Gateway,pg
48309,Prairie Gateway,pg
48331,Prairie Gateway,pg
48349,Prairie Gateway,pg
48397,Prairie Gateway,pg
48439,Prairie Gateway,pg
48491,Prairie Gateway,pg
48001,Southern Seaboard,ss
48037,Southern Seaboard,ss
48063,Southern Seaboard,ss
48067,Southern Seaboard,ss
48073,Southern Seaboard,ss
48159,Southern Seaboard,ss
48183,Southern Seaboard,ss
48203,Southern Seaboard,ss
48213,Southern Seaboard,ss
48223,Southern Seaboard,ss
48225,Southern Seaboard,ss
48315,Southern Seaboard,ss
48343,Southern Seaboard,ss
48347,Southern Seaboard,ss
48365,Southern Seaboard,ss
48379,Southern Seaboard,ss
48387,Southern Seaboard,ss
48401,Southern Seaboard,ss
48419,Southern Seaboard,ss
48423,Southern Seaboard,ss
48449,Southern Seaboard,ss
48459,Southern Seaboard,ss
48467,Southern Seaboard,ss
48499,Southern Seaboard,ss
48005,Southern Seaboard,ss
48041,Southern Seaboard,ss
48161,Southern Seaboard,ss
48185,Southern Seaboard,ss
48199,Southern Seaboard,ss
48241,Southern Seaboard,ss
48289,Southern Seaboard,ss
48313,Southern Seaboard,ss
48339,Southern Seaboard,ss
48351,Southern Seaboard,ss
48373,Southern Seaboard,ss
48395,Southern Seaboard,ss
48403,Southern Seaboard,ss
48405,Southern Seaboard,ss
48407,Southern Seaboard,ss
48455,Southern Seaboard,ss
48457,Southern Seaboard,ss
48471,Southern Seaboard,ss
48473,Southern Seaboard,ss
48043,Fruitful Rim,fr
48103,Fruitful Rim,fr
48109,Fruitful Rim,fr
48135,Fruitful Rim,fr
48141,Fruitful Rim,fr
48229,Fruitful Rim,fr
48243,Fruitful Rim,fr
48301,Fruitful Rim,fr
48371,Fruitful Rim,fr
48377,Fruitful Rim,fr
48389,Fruitful Rim,fr
48443,Fruitful Rim,fr
48475,Fruitful Rim,fr
48495,Fruitful Rim,fr
48019,Prairie Gateway,pg
48031,Prairie Gateway,pg
48053,Prairie Gateway,pg
48081,Prairie Gateway,pg
48095,Prairie Gateway,pg
48105,Prairie Gateway,pg
48137,Prairie Gateway,pg
48171,Prairie Gateway,pg
48235,Prairie Gateway,pg
48259,Prairie Gateway,pg
48265,Prairie Gateway,pg
48267,Prairie Gateway,pg
48271,Prairie Gateway,pg
48281,Prairie Gateway,pg
48299,Prairie Gateway,pg
48307,Prairie Gateway,pg
48319,Prairie Gateway,pg
48327,Prairie Gateway,pg
48383,Prairie Gateway,pg
48385,Prairie Gateway,pg
48411,Prairie Gateway,pg
48413,Prairie Gateway,pg
48431,Prairie Gateway,pg
48435,Prairie Gateway,pg
48451,Prairie Gateway,pg
48461,Prairie Gateway,pg
48463,Prairie Gateway,pg
48465,Prairie Gateway,pg
48015,Prairie Gateway,pg
48021,Prairie Gateway,pg
48025,Prairie Gateway,pg
48029,Prairie Gateway,pg
48051,Prairie Gateway,pg
48055,Prairie Gateway,pg
48089,Prairie Gateway,pg
48091,Prairie Gateway,pg
48123,Prairie Gateway,pg
48149,Prairie Gateway,pg
48175,Prairie Gateway,pg
48177,Prairie Gateway,pg
48187,Prairie Gateway,pg
48209,Prairie Gateway,pg
48255,Prairie Gateway,pg
48285,Prairie Gateway,pg
48287,Prairie Gateway,pg
48325,Prairie Gateway,pg
48453,Prairie Gateway,pg
48477,Prairie Gateway,pg
48493,Prairie Gateway,pg
48007,Fruitful Rim,fr
48273,Fruitful Rim,fr
48355,Fruitful Rim,fr
48391,Fruitful Rim,fr
48409,Fruitful Rim,fr
48039,Fruitful Rim,fr
48057,Fruitful Rim,fr
48071,Fruitful Rim,fr
48157,Fruitful Rim,fr
48167,Fruitful Rim,fr
48201,Fruitful Rim,fr
48239,Fruitful Rim,fr
48245,Fruitful Rim,fr
48291,Fruitful Rim,fr
48321,Fruitful Rim,fr
48361,Fruitful Rim,fr
48469,Fruitful Rim,fr
48481,Fruitful Rim,fr
48013,Fruitful Rim,fr
48047,Fruitful Rim,fr
48127,Fruitful Rim,fr
48131,Fruitful Rim,fr
48163,Fruitful Rim,fr
48247,Fruitful Rim,fr
48249,Fruitful Rim,fr
48261,Fruitful Rim,fr
48283,Fruitful Rim,fr
48297,Fruitful Rim,fr
48311,Fruitful Rim,fr
48323,Fruitful Rim,fr
48479,Fruitful Rim,fr
48505,Fruitful Rim,fr
48507,Fruitful Rim,fr
48061,Fruitful Rim,fr
48215,Fruitful Rim,fr
48427,Fruitful Rim,fr
48489,Fruitful Rim,fr
49003,Basin and Range,br
49005,Basin and Range,br
49011,Basin and Range,br
49029,Basin and Range,br
49033,Basin and Range,br
49035,Basin and Range,br
49045,Basin and Range,br
49057,Basin and Range,br
49023,Basin and Range,br
49027,Basin and Range,br
49039,Basin and Range,br
49041,Basin and Range,br
49049,Basin and Range,br
49007,Basin and Range,br
49009,Basin and Range,br
49013,Basin and Range,br
49015,Basin and Range,br
49019,Basin and Range,br
49037,Basin and Range,br
49043,Basin and Range,br
49047,Basin and Range,br
49051,Basin and Range,br
49001,Basin and Range,br
49017,Basin and Range,br
49021,Basin and Range,br
49025,Basin and Range,br
49031,Basin and Range,br
49053,Basin and Range,br
49055,Basin and Range,br
50001,Northern Crescent,nc
50003,Northern Crescent,nc
50005,Northern Crescent,nc
50007,Northern Crescent,nc
50009,Northern Crescent,nc
50011,Northern Crescent,nc
50013,Northern Crescent,nc
50015,Northern Crescent,nc
50017,Northern Crescent,nc
50019,Northern Crescent,nc
50021,Northern Crescent,nc
50023,Northern Crescent,nc
50025,Northern Crescent,nc
50027,Northern Crescent,nc
51013,Southern Seaboard,ss
51043,Southern Seaboard,ss
51047,Southern Seaboard,ss
51059,Southern Seaboard,ss
51061,Southern Seaboard,ss
51069,Southern Seaboard,ss
51107,Southern Seaboard,ss
51113,Southern Seaboard,ss
51139,Southern Seaboard,ss
51153,Southern Seaboard,ss
51157,Southern Seaboard,ss
51165,Southern Seaboard,ss
51171,Southern Seaboard,ss
51179,Southern Seaboard,ss
51187,Southern Seaboard,ss
51510,Southern Seaboard,ss
51600,Southern Seaboard,ss
51610,Southern Seaboard,ss
51630,Southern Seaboard,ss
51660,Southern Seaboard,ss
51683,Southern Seaboard,ss
51685,Southern Seaboard,ss
51840,Southern Seaboard,ss
51005,Eastern Uplands,eu
51015,Eastern Uplands,eu
51017,Eastern Uplands,eu
51023,Eastern Uplands,eu
51045,Eastern Uplands,eu
51091,Eastern Uplands,eu
51161,Eastern Uplands,eu
51163,Eastern Uplands,eu
51530,Eastern Uplands,eu
51560,Eastern Uplands,eu
51580,Eastern Uplands,eu
51678,Eastern Uplands,eu
51770,Eastern Uplands,eu
51775,Eastern Uplands,eu
51790,Eastern Uplands,eu
51820,Eastern Uplands,eu
51003,Southern Seaboard,ss
51007,Southern Seaboard,ss
51009,Southern Seaboard,ss
51011,Southern Seaboard,ss
51019,Southern Seaboard,ss
51029,Southern Seaboard,ss
51031,Southern Seaboard,ss
51033,Southern Seaboard,ss
51041,Southern Seaboard,ss
51049,Southern Seaboard,ss
51065,Southern Seaboard,ss
51075,Southern Seaboard,ss
51079,Southern Seaboard,ss
51085,Southern Seaboard,ss
51087,Southern Seaboard,ss
51109,Southern Seaboard,ss
51125,Southern Seaboard,ss
51137,Southern Seaboard,ss
51145,Southern Seaboard,ss
51147,Southern Seaboard,ss
51177,Southern Seaboard,ss
51515,Southern Seaboard,ss
51540,Southern Seaboard,ss
51570,Southern Seaboard,ss
51680,Southern Seaboard,ss
51760,Southern Seaboard,ss
51001,Southern Seaboard,ss
51036,Southern Seaboard,ss
51057,Southern Seaboard,ss
51073,Southern Seaboard,ss
51095,Southern Seaboard,ss
51097,Southern Seaboard,ss
51099,Southern Seaboard,ss
51101,Southern Seaboard,ss
51103,Southern Seaboard,ss
51115,Southern Seaboard,ss
51119,Southern Seaboard,ss
51127,Southern Seaboard,ss
51131,Southern Seaboard,ss
51133,Southern Seaboard,ss
51159,Southern Seaboard,ss
51193,Southern Seaboard,ss
51199,Southern Seaboard,ss
51650,Southern Seaboard,ss
51700,Southern Seaboard,ss
51735,Southern Seaboard,ss
51830,Southern Seaboard,ss
51021,Eastern Uplands,eu
51027,Eastern Uplands,eu
51035,Eastern Uplands,eu
51051,Eastern Uplands,eu
51063,Eastern Uplands,eu
51071,Eastern Uplands,eu
51077,Eastern Uplands,eu
51105,Eastern Uplands,eu
51121,Eastern Uplands,eu
51155,Eastern Uplands,eu
51167,Eastern Uplands,eu
51169,Eastern Uplands,eu
51173,Eastern Uplands,eu
51185,Eastern Uplands,eu
51191,Eastern Uplands,eu
51195,Eastern Uplands,eu
51197,Eastern Uplands,eu
51640,Eastern Uplands,eu
51720,Eastern Uplands,eu
51750,Eastern Uplands,eu
51520,Eastern Uplands,eu
51037,Southern Seaboard,ss
51067,Southern Seaboard,ss
51083,Southern Seaboard,ss
51089,Southern Seaboard,ss
51111,Southern Seaboard,ss
51135,Southern Seaboard,ss
51141,Southern Seaboard,ss
51143,Southern Seaboard,ss
51590,Southern Seaboard,ss
51690,Southern Seaboard,ss
51780,Southern Seaboard,ss
51025,Southern Seaboard,ss
51053,Southern Seaboard,ss
51081,Southern Seaboard,ss
51093,Southern Seaboard,ss
51117,Southern Seaboard,ss
51149,Southern Seaboard,ss
51175,Southern Seaboard,ss
51181,Southern Seaboard,ss
51183,Southern Seaboard,ss
51550,Southern Seaboard,ss
51595,Southern Seaboard,ss
51620,Southern Seaboard,ss
51670,Southern Seaboard,ss
51710,Southern Seaboard,ss
51730,Southern Seaboard,ss
51740,Southern Seaboard,ss
51800,Southern Seaboard,ss
51810,Southern Seaboard,ss
53009,Fruitful Rim,fr
53011,Fruitful Rim,fr
53015,Fruitful Rim,fr
53027,Fruitful Rim,fr
53029,Fruitful Rim,fr
53031,Fruitful Rim,fr
53033,Fruitful Rim,fr
53035,Fruitful Rim,fr
53041,Fruitful Rim,fr
53045,Fruitful Rim,fr
53049,Fruitful Rim,fr
53053,Fruitful Rim,fr
53057,Fruitful Rim,fr
53059,Fruitful Rim,fr
53061,Fruitful Rim,fr
53067,Fruitful Rim,fr
53069,Fruitful Rim,fr
53073,Fruitful Rim,fr
53055,Fruitful Rim,fr
53005,Fruitful Rim,fr
53007,Fruitful Rim,fr
53037,Fruitful Rim,fr
53039,Fruitful Rim,fr
53047,Fruitful Rim,fr
53077,Fruitful Rim,fr
53019,Basin and Range,br
53051,Basin and Range,br
53063,Basin and Range,br
53065,Basin and Range,br
53001,Fruitful Rim,fr
53017,Fruitful Rim,fr
53021,Fruitful Rim,fr
53025,Fruitful Rim,fr
53043,Fruitful Rim,fr
53003,Basin and Range,br
53013,Basin and Range,br
53023,Basin and Range,br
53071,Basin and Range,br
53075,Basin and Range,br
54001,Eastern Uplands,eu
54009,Eastern Uplands,eu
54017,Eastern Uplands,eu
54029,Eastern Uplands,eu
54033,Eastern Uplands,eu
54041,Eastern Uplands,eu
54049,Eastern Uplands,eu
54051,Eastern Uplands,eu
54061,Eastern Uplands,eu
54069,Eastern Uplands,eu
54073,Eastern Uplands,eu
54077,Eastern Uplands,eu
54085,Eastern Uplands,eu
54091,Eastern Uplands,eu
54095,Eastern Uplands,eu
54097,Eastern Uplands,eu
54103,Eastern Uplands,eu
54107,Eastern Uplands,eu
54005,Eastern Uplands,eu
54007,Eastern Uplands,eu
54011,Eastern Uplands,eu
54013,Eastern Uplands,eu
54015,Eastern Uplands,eu
54019,Eastern Uplands,eu
54021,Eastern Uplands,eu
54035,Eastern Uplands,eu
54039,Eastern Uplands,eu
54043,Eastern Uplands,eu
54045,Eastern Uplands,eu
54047,Eastern Uplands,eu
54053,Eastern Uplands,eu
54055,Eastern Uplands,eu
54059,Eastern Uplands,eu
54067,Eastern Uplands,eu
54079,Eastern Uplands,eu
54081,Eastern Uplands,eu
54087,Eastern Uplands,eu
54099,Eastern Uplands,eu
54101,Eastern Uplands,eu
54105,Eastern Uplands,eu
54109,Eastern Uplands,eu
54003,Eastern Uplands,eu
54023,Eastern Uplands,eu
54025,Eastern Uplands,eu
54027,Eastern Uplands,eu
54031,Eastern Uplands,eu
54037,Eastern Uplands,eu
54057,Eastern Uplands,eu
54063,Eastern Uplands,eu
54065,Eastern Uplands,eu
54071,Eastern Uplands,eu
54075,Eastern Uplands,eu
54083,Eastern Uplands,eu
54089,Eastern Uplands,eu
54093,Eastern Uplands,eu
55005,Northern Crescent,nc
55007,Northern Crescent,nc
55013,Northern Crescent,nc
55017,Northern Crescent,nc
55031,Northern Crescent,nc
55095,Northern Crescent,nc
55107,Northern Crescent,nc
55113,Northern Crescent,nc
55129,Northern Crescent,nc
55003,Northern Crescent,nc
55019,Northern Crescent,nc
55051,Northern Crescent,nc
55069,Northern Crescent,nc
55073,Northern Crescent,nc
55085,Northern Crescent,nc
55099,Northern Crescent,nc
55119,Northern Crescent,nc
55125,Northern Crescent,nc
55037,Northern Crescent,nc
55041,Northern Crescent,nc
55067,Northern Crescent,nc
55075,Northern Crescent,nc
55078,Northern Crescent,nc
55083,Northern Crescent,nc
55115,Northern Crescent,nc
55011,Northern Crescent,nc
55033,Northern Crescent,nc
55035,Northern Crescent,nc
55053,Northern Crescent,nc
55063,Northern Crescent,nc
55081,Northern Crescent,nc
55091,Northern Crescent,nc
55093,Northern Crescent,nc
55109,Northern Crescent,nc
55121,Northern Crescent,nc
55001,Northern Crescent,nc
55047,Northern Crescent,nc
55057,Northern Crescent,nc
55077,Northern Crescent,nc
55097,Northern Crescent,nc
55135,Northern Crescent,nc
55137,Northern Crescent,nc
55141,Northern Crescent,nc
55009,Northern Crescent,nc
55015,Northern Crescent,nc
55029,Northern Crescent,nc
55039,Northern Crescent,nc
55061,Northern Crescent,nc
55071,Northern Crescent,nc
55087,Northern Crescent,nc
55117,Northern Crescent,nc
55139,Northern Crescent,nc
55023,Northern Crescent,nc
55043,Northern Crescent,nc
55049,Northern Crescent,nc
55065,Northern Crescent,nc
55103,Northern Crescent,nc
55111,Northern Crescent,nc
55123,Northern Crescent,nc
55021,Northern Crescent,nc
55025,Northern Crescent,nc
55027,Northern Crescent,nc
55045,Northern Crescent,nc
55055,Northern Crescent,nc
55105,Northern Crescent,nc
55059,Northern Crescent,nc
55079,Northern Crescent,nc
55089,Northern Crescent,nc
55101,Northern Crescent,nc
55127,Northern Crescent,nc
55131,Northern Crescent,nc
55133,Northern Crescent,nc
30113,Basin and Range,br
56003,Basin and Range,br
56013,Basin and Range,br
56017,Basin and Range,br
56029,Basin and Range,br
56043,Basin and Range,br
56005,Northern Great Plains,np
56011,Northern Great Plains,np
56019,Northern Great Plains,np
56033,Northern Great Plains,np
56045,Northern Great Plains,np
56023,Basin and Range,br
56035,Basin and Range,br
56039,Basin and Range,br
56041,Basin and Range,br
56001,Basin and Range,br
56007,Basin and Range,br
56025,Basin and Range,br
56037,Basin and Range,br
56009,Northern Great Plains,np
56015,Northern Great Plains,np
56021,Northern Great Plains,np
56027,Northern Great Plains,np
56031,Northern Great Plains,np
